image_id,label
1001742395.jpg,4
100204014.jpg,3
1002255315.jpg,3
1003298598.jpg,3
100472565.jpg,4
1004826518.jpg,3
1008126487.jpg,3
1009441020.jpg,3
1009489704.jpg,1
1010470173.jpg,2
1011571614.jpg,3
1012755275.jpg,3
1014087087.jpg,3
1014433832.jpg,3
1014888611.jpg,1
10169000.jpg,3
1017890227.jpg,4
1019398233.jpg,3
1020387881.jpg,3
1022283943.jpg,3
1022307478.jpg,4
1024089865.jpg,2
1024367055.jpg,1
102485576.jpg,3
1025466430.jpg,4
1025557405.jpg,3
1026467332.jpg,4
1026511145.jpg,4
102719039.jpg,4
1028041356.jpg,2
1028128877.jpg,3
1028318593.jpg,4
1028446573.jpg,3
1028697500.jpg,4
1029560899.jpg,2
1032383932.jpg,3
1034577161.jpg,2
1034735631.jpg,3
1035350866.jpg,3
1035475040.jpg,3
1036133928.jpg,3
1036302176.jpg,4
103630546.jpg,3
1036692910.jpg,3
1036774035.jpg,1
103776422.jpg,4
1038166459.jpg,3
1038176489.jpg,3
1038640139.jpg,3
1039045921.jpg,4
1039176615.jpg,1
1040079282.jpg,4
1040315063.jpg,3
1041922165.jpg,3
1043184548.jpg,3
1043238803.jpg,4
1043392236.jpg,4
1043857809.jpg,3
1046222396.jpg,4
1047645957.jpg,3
1047894047.jpg,3
1048581072.jpg,2
1049426356.jpg,1
1049791378.jpg,4
1052028548.jpg,3
105315247.jpg,4
1053293117.jpg,3
1055012871.jpg,1
1059986462.jpg,3
1060214168.jpg,4
1060543398.jpg,3
10606813.jpg,3
106233037.jpg,3
1064567864.jpg,4
1065833532.jpg,3
1066630679.jpg,4
1066635665.jpg,3
106785011.jpg,3
1069921431.jpg,3
1070151605.jpg,4
1070630875.jpg,4
1071136061.jpg,4
1071660717.jpg,3
107350755.jpg,4
1073893170.jpg,3
1074412436.jpg,3
107466550.jpg,4
1074804892.jpg,3
1077786495.jpg,3
1078590865.jpg,3
1078779441.jpg,1
1079224858.jpg,4
1081031509.jpg,1
1084885558.jpg,3
1085931637.jpg,4
1086549590.jpg,3
1086683858.jpg,4
1088104223.jpg,4
1089887353.jpg,4
1090266454.jpg,3
1090972181.jpg,4
1091529167.jpg,3
1092772509.jpg,4
1093114557.jpg,2
1093539112.jpg,4
1093908406.jpg,4
1095482483.jpg,3
1095723751.jpg,3
1096216935.jpg,3
1097323507.jpg,4
1097928870.jpg,3
1098348421.jpg,3
1099869110.jpg,4
1099870140.jpg,4
1099882902.jpg,4
1100049957.jpg,3
1102114596.jpg,3
110359894.jpg,4
1104000386.jpg,0
1106559016.jpg,4
1107438.jpg,4
1109052326.jpg,4
1110421964.jpg,3
1110465816.jpg,2
1110776878.jpg,0
111117998.jpg,3
1111352870.jpg,3
1113547652.jpg,1
111384857.jpg,0
1115451372.jpg,3
1116229616.jpg,0
1116781528.jpg,4
1116856972.jpg,3
1117136990.jpg,4
1117199954.jpg,4
1118064801.jpg,3
1118493919.jpg,3
1119046243.jpg,4
1119403430.jpg,3
1119593200.jpg,3
1120538910.jpg,3
1120557501.jpg,3
1124029406.jpg,3
1124255421.jpg,4
1124430120.jpg,3
1125109121.jpg,4
11252426.jpg,4
1131795306.jpg,3
1131824490.jpg,4
1131959133.jpg,1
1132352696.jpg,3
1133337432.jpg,4
1133979561.jpg,4
1134181894.jpg,3
1134422280.jpg,4
1134555481.jpg,3
1136197975.jpg,3
1137518834.jpg,4
1137631673.jpg,2
1138461516.jpg,3
1138779690.jpg,4
1140116873.jpg,1
1140278796.jpg,3
114137661.jpg,4
1141754259.jpg,0
1144914727.jpg,4
1145076372.jpg,3
1146555837.jpg,3
1146671365.jpg,3
1146674028.jpg,3
1146811684.jpg,3
1147036458.jpg,2
1147474861.jpg,3
1147602192.jpg,4
1147790325.jpg,3
1148865724.jpg,3
1148976891.jpg,2
1149596528.jpg,3
1150408914.jpg,0
1151591175.jpg,3
1152100841.jpg,3
1152631724.jpg,4
1153882793.jpg,3
1154243459.jpg,3
1156963169.jpg,2
1158552127.jpg,3
1158898602.jpg,4
1159384671.jpg,3
1159573446.jpg,3
1160106089.jpg,3
1160835992.jpg,4
116338302.jpg,4
1164139457.jpg,1
1164430780.jpg,4
1164550544.jpg,0
1166269139.jpg,3
1167578241.jpg,0
1170646822.jpg,2
1170720367.jpg,3
1172047582.jpg,4
1172621803.jpg,4
1172756697.jpg,3
1174429768.jpg,4
1176023935.jpg,3
1176036516.jpg,4
1176300111.jpg,3
1176362801.jpg,1
1176894803.jpg,3
1177074840.jpg,3
1181678723.jpg,3
1181734172.jpg,4
1182166221.jpg,3
1182402718.jpg,3
1184455106.jpg,3
1185369128.jpg,3
1185679423.jpg,3
1187087973.jpg,3
1187393265.jpg,3
118845002.jpg,3
1190399034.jpg,1
1191499624.jpg,4
1191974622.jpg,4
1192229349.jpg,4
1194116552.jpg,3
1194287929.jpg,4
1195541869.jpg,2
119573280.jpg,4
119670532.jpg,2
1197128490.jpg,3
1197223849.jpg,4
1197262681.jpg,3
119785295.jpg,4
1197890857.jpg,3
1199797130.jpg,4
1199951888.jpg,3
1200666322.jpg,4
1202567382.jpg,3
1202852313.jpg,3
1203115878.jpg,1
1203248171.jpg,3
1204281938.jpg,3
1207981174.jpg,1
1208930498.jpg,3
1210661305.jpg,3
1211842242.jpg,4
1212460226.jpg,0
1213773669.jpg,4
1213859298.jpg,3
1214073637.jpg,3
1215749742.jpg,3
1216054567.jpg,2
1218351890.jpg,4
1218762874.jpg,2
122052441.jpg,3
1221389553.jpg,3
122168686.jpg,4
1223678256.jpg,3
1224742642.jpg,3
1225715359.jpg,3
1226193662.jpg,3
1227531167.jpg,3
1228602404.jpg,3
1228781460.jpg,0
1230025143.jpg,4
1230166376.jpg,4
1230922273.jpg,3
1231587429.jpg,3
1231866114.jpg,3
1232698591.jpg,3
1234555380.jpg,3
1234571117.jpg,4
1236546384.jpg,3
1238159478.jpg,3
1238413001.jpg,3
123865158.jpg,3
1240341274.jpg,3
1240563843.jpg,4
1241084858.jpg,3
1241243048.jpg,3
1241356893.jpg,2
1242546458.jpg,4
1245296192.jpg,4
1245945074.jpg,3
1247856048.jpg,3
1250532785.jpg,4
1251047094.jpg,3
1251480782.jpg,3
1252142336.jpg,4
1253370926.jpg,3
1253636882.jpg,0
125738717.jpg,4
1261588898.jpg,3
1264109301.jpg,0
126550251.jpg,3
1268809916.jpg,3
1268829750.jpg,4
1268934820.jpg,2
1269550303.jpg,4
1269902527.jpg,3
1270368553.jpg,4
1271525915.jpg,4
1272204314.jpg,3
1272432199.jpg,3
1273209922.jpg,4
1273539439.jpg,3
1274424632.jpg,1
1274870847.jpg,3
1277679675.jpg,4
1277920745.jpg,4
1278434105.jpg,0
1278626353.jpg,3
1281046744.jpg,3
1281155236.jpg,3
1284398426.jpg,3
1284979146.jpg,3
1285588852.jpg,3
1285648286.jpg,3
1285837923.jpg,3
1285841616.jpg,3
128594927.jpg,3
1286327974.jpg,4
1286828340.jpg,4
1286864317.jpg,3
1287323446.jpg,4
128820265.jpg,1
1288225954.jpg,2
1288845097.jpg,3
1291389398.jpg,4
1292371855.jpg,4
1292954141.jpg,0
1293001652.jpg,3
1293629264.jpg,3
1294805879.jpg,1
1296498545.jpg,0
1296884986.jpg,3
1297867546.jpg,1
1299050149.jpg,4
1300977508.jpg,3
1302223977.jpg,2
1302328544.jpg,3
1303312284.jpg,4
1303415587.jpg,3
1303473787.jpg,4
1304829719.jpg,0
1305931861.jpg,3
130685384.jpg,3
1307416806.jpg,3
1307553157.jpg,3
1307848426.jpg,3
1308168920.jpg,3
1308234304.jpg,3
1308920852.jpg,1
1311286809.jpg,4
1311772076.jpg,1
1312388258.jpg,3
1314349691.jpg,3
1315264079.jpg,3
1315698965.jpg,3
1316173298.jpg,4
1316805765.jpg,2
1317481628.jpg,2
1318025509.jpg,4
1319252065.jpg,1
132012134.jpg,4
1320526288.jpg,3
1321561951.jpg,2
1325487740.jpg,4
1327003472.jpg,3
1328164078.jpg,3
1329083657.jpg,3
1329201937.jpg,3
1329476257.jpg,0
1330845250.jpg,3
133119904.jpg,3
1331491784.jpg,3
1331843412.jpg,1
1332894133.jpg,3
133431114.jpg,4
1334594870.jpg,1
1335049078.jpg,4
1335057947.jpg,3
1336103427.jpg,3
1336117857.jpg,4
1336391690.jpg,3
1337148323.jpg,4
133736168.jpg,3
1337934930.jpg,3
1338228532.jpg,4
1339311059.jpg,3
13399494.jpg,3
1340066568.jpg,3
1340186286.jpg,4
1340310321.jpg,3
1340999953.jpg,3
1341694459.jpg,3
1342351547.jpg,0
1343777320.jpg,3
1344931095.jpg,3
1345401195.jpg,4
1346909762.jpg,3
1346993708.jpg,1
1348020579.jpg,4
1349084498.jpg,1
1350837396.jpg,3
1350902917.jpg,3
135094227.jpg,0
1351433725.jpg,1
1351925390.jpg,3
135254587.jpg,3
1352630748.jpg,4
1352878479.jpg,3
135365403.jpg,3
1354574511.jpg,4
1354800137.jpg,3
1355602317.jpg,4
1355611441.jpg,3
1357095762.jpg,3
1357547386.jpg,4
1357774593.jpg,4
1357797590.jpg,2
1359893940.jpg,1
1361129876.jpg,4
1362265434.jpg,4
1362873947.jpg,3
1364435251.jpg,3
1364472347.jpg,3
1364893627.jpg,1
1365114577.jpg,3
1365612235.jpg,3
1366307251.jpg,1
1366430957.jpg,4
1366570105.jpg,4
1366955402.jpg,2
1367438166.jpg,4
1367947137.jpg,4
136815898.jpg,4
1369059031.jpg,3
1370558109.jpg,3
1371273944.jpg,1
1371830154.jpg,3
1373683400.jpg,3
1375173494.jpg,2
1375245484.jpg,3
1377187378.jpg,1
1377755607.jpg,4
137826863.jpg,3
1379079003.jpg,2
137921395.jpg,3
1379566830.jpg,3
1380110739.jpg,4
1380973855.jpg,3
1381222280.jpg,4
1381453836.jpg,4
1381660932.jpg,3
1383174686.jpg,3
1383472035.jpg,4
1383656888.jpg,4
1386157120.jpg,3
13891046.jpg,4
13892025.jpg,3
1391361289.jpg,4
1391719532.jpg,3
1395513159.jpg,3
139601932.jpg,3
1396197326.jpg,3
1396822256.jpg,3
1397140267.jpg,1
13975743.jpg,4
1397837312.jpg,3
1399640317.jpg,3
1403617478.jpg,3
1403954196.jpg,3
1404738929.jpg,4
1407032343.jpg,3
1409426378.jpg,3
1409467593.jpg,4
1410522150.jpg,3
1411610648.jpg,0
1412272619.jpg,3
141506985.jpg,3
1415244401.jpg,3
1416108002.jpg,4
1416272901.jpg,3
1416331607.jpg,4
1417975194.jpg,0
1421166262.jpg,3
1422781530.jpg,3
1423442291.jpg,3
142362483.jpg,4
1423702741.jpg,3
1423993986.jpg,3
1424184391.jpg,3
1424785333.jpg,3
1425154910.jpg,0
1425588144.jpg,3
1426129628.jpg,0
1427193776.jpg,3
1427622404.jpg,4
1428921734.jpg,3
1430189615.jpg,3
1430257906.jpg,4
143092286.jpg,3
1431172246.jpg,3
1432249645.jpg,4
143241616.jpg,3
1433585468.jpg,4
1433595455.jpg,4
1433652364.jpg,3
1434045118.jpg,3
1435171396.jpg,3
143798547.jpg,4
1438664994.jpg,3
1439924959.jpg,4
1442268656.jpg,3
1442451975.jpg,3
1444285375.jpg,3
1445110215.jpg,4
1445131056.jpg,3
1445981750.jpg,3
1447209989.jpg,4
1447825333.jpg,3
1449210447.jpg,3
1451330624.jpg,3
1451862945.jpg,3
1452430816.jpg,3
1452672436.jpg,4
1452755583.jpg,2
1454900763.jpg,3
1454998270.jpg,0
1456262062.jpg,3
1458153387.jpg,2
1459763157.jpg,3
1460020462.jpg,3
1462497786.jpg,1
1463552704.jpg,3
1463695600.jpg,1
1464544692.jpg,4
1464787027.jpg,3
1465359996.jpg,3
1465774459.jpg,3
1468414187.jpg,3
1468646624.jpg,2
1468716858.jpg,3
1468732806.jpg,3
1469568121.jpg,4
1470557226.jpg,4
1470663072.jpg,3
1472296263.jpg,3
1472592491.jpg,3
147275298.jpg,4
1476011675.jpg,4
1476112995.jpg,3
1478375260.jpg,4
1478675911.jpg,3
1478823591.jpg,4
1479838879.jpg,1
1480404336.jpg,3
1480887420.jpg,3
1482998605.jpg,3
1483622893.jpg,3
1483743890.jpg,2
1484273604.jpg,3
148469667.jpg,4
1486873366.jpg,4
1487877839.jpg,4
1488515803.jpg,4
1489381001.jpg,3
1490929971.jpg,1
1490946641.jpg,3
1491905259.jpg,4
1492444202.jpg,2
1492704954.jpg,3
1493639803.jpg,3
1493725119.jpg,3
1493949319.jpg,3
1494523424.jpg,3
1495264550.jpg,3
1495411222.jpg,3
1496475043.jpg,1
1497063911.jpg,3
1497437475.jpg,3
149926175.jpg,3
1499416552.jpg,4
1500175221.jpg,4
1503534318.jpg,3
1503832819.jpg,3
1504892231.jpg,3
1509840012.jpg,0
1510845223.jpg,0
1513368385.jpg,2
1513503205.jpg,1
1513772475.jpg,4
1514150347.jpg,3
1514398511.jpg,2
1515163743.jpg,2
1515903038.jpg,3
1517468243.jpg,4
15175683.jpg,3
1518131755.jpg,1
151894628.jpg,3
1520590067.jpg,3
1520664922.jpg,3
1521850100.jpg,3
1524143324.jpg,4
1524705787.jpg,1
1526798053.jpg,3
1526938868.jpg,3
1527880193.jpg,3
1528254413.jpg,3
1528321401.jpg,4
1531421103.jpg,3
1532615848.jpg,3
1532725356.jpg,3
1534401639.jpg,4
1534825646.jpg,3
1535102624.jpg,3
1536479398.jpg,3
1538341303.jpg,4
1539758625.jpg,3
1542437080.jpg,3
1543649643.jpg,2
1543816901.jpg,3
1544151022.jpg,3
1544907945.jpg,4
1546870332.jpg,3
1547490615.jpg,3
1548737249.jpg,3
1549198414.jpg,3
1550490538.jpg,4
1551557825.jpg,3
1551832583.jpg,3
1552938679.jpg,3
1553584181.jpg,3
1557739195.jpg,1
1558649503.jpg,3
155869794.jpg,3
1559321663.jpg,4
1561140190.jpg,4
1563395006.jpg,3
1563897532.jpg,3
1564059407.jpg,3
1564471090.jpg,3
1564779862.jpg,4
1567568809.jpg,2
1568245644.jpg,3
1568304787.jpg,4
1569295973.jpg,3
157014347.jpg,0
1573602024.jpg,3
1573629437.jpg,3
157425630.jpg,4
1575114052.jpg,4
1575535835.jpg,4
1575734710.jpg,3
1576152560.jpg,4
1578038494.jpg,3
1578495019.jpg,3
1579515539.jpg,3
1580406201.jpg,4
1581037788.jpg,2
1584105518.jpg,4
1584525423.jpg,3
1586262485.jpg,3
1587349124.jpg,3
1588046668.jpg,4
1588291384.jpg,4
1589160306.jpg,3
1590163332.jpg,3
1590211674.jpg,3
1591076674.jpg,4
1592433413.jpg,0
1593185834.jpg,4
1593413079.jpg,0
1593622565.jpg,3
1596278382.jpg,4
1597845268.jpg,3
1598187662.jpg,3
15982075.jpg,4
1598320375.jpg,3
1599378224.jpg,0
1600900862.jpg,3
1602157367.jpg,3
1602254033.jpg,4
1602542703.jpg,3
1602599549.jpg,4
1603286748.jpg,4
1605560939.jpg,4
1606458459.jpg,1
1606494561.jpg,3
1606801147.jpg,3
1610546537.jpg,2
1611948994.jpg,2
161407663.jpg,1
1617011317.jpg,4
1618183544.jpg,3
1620397384.jpg,3
1620888831.jpg,3
1622141266.jpg,4
1622914804.jpg,4
1627787371.jpg,3
1628667516.jpg,3
1628755791.jpg,3
1628925501.jpg,4
1629130822.jpg,3
1629904926.jpg,0
1630104012.jpg,3
1631043565.jpg,3
1633836154.jpg,2
1634210078.jpg,3
1635220625.jpg,3
1636292294.jpg,4
1637512671.jpg,3
1638051159.jpg,3
1641686597.jpg,3
1642673136.jpg,1
16429963.jpg,3
1643057033.jpg,4
1643576810.jpg,3
1644503085.jpg,3
1644666369.jpg,3
1645164318.jpg,4
1645330578.jpg,3
164643516.jpg,3
1648069139.jpg,4
1649683387.jpg,4
1650008995.jpg,4
1651072461.jpg,4
1652920595.jpg,3
1653382438.jpg,1
1654334807.jpg,3
1654717395.jpg,4
1654777863.jpg,3
1656012136.jpg,1
1656709823.jpg,1
1657183324.jpg,4
1657954384.jpg,4
1658205752.jpg,3
165934128.jpg,3
1659403875.jpg,4
166038756.jpg,3
166356403.jpg,3
1664825517.jpg,4
1666000410.jpg,4
1666732950.jpg,3
166688569.jpg,3
1667447724.jpg,3
1667611388.jpg,3
1668160531.jpg,2
1668363819.jpg,4
1668819589.jpg,4
1668838224.jpg,3
1674288573.jpg,3
1675302726.jpg,4
1676416724.jpg,3
1677241180.jpg,3
167737028.jpg,4
1677822348.jpg,3
1678311318.jpg,1
1679058349.jpg,4
1679578972.jpg,2
1679984529.jpg,4
1680657766.jpg,3
1681477511.jpg,4
1681857148.jpg,3
1682299649.jpg,3
1682790213.jpg,2
1684427056.jpg,2
1684862826.jpg,3
1686186154.jpg,3
168657905.jpg,3
1688738629.jpg,3
1688759248.jpg,1
1689119367.jpg,4
1689510013.jpg,3
1689724096.jpg,4
169189292.jpg,3
1692979683.jpg,3
1694999394.jpg,4
1695268361.jpg,4
1696348486.jpg,3
1696401530.jpg,3
1696535183.jpg,4
1697848076.jpg,3
169839003.jpg,3
1699999256.jpg,1
1701525099.jpg,4
170454519.jpg,4
1706070292.jpg,3
1706377266.jpg,4
1706671174.jpg,4
1706807152.jpg,4
170892269.jpg,3
1709691411.jpg,3
1711838012.jpg,3
1712337902.jpg,3
1713497934.jpg,1
171434140.jpg,3
1714701345.jpg,3
1714717170.jpg,4
1715574145.jpg,3
1716516140.jpg,4
1718703431.jpg,1
1728159331.jpg,3
1728913525.jpg,3
1729891245.jpg,4
1729933638.jpg,3
1733354827.jpg,0
1733437484.jpg,1
1733574271.jpg,3
1734343224.jpg,3
1734980168.jpg,3
1737787955.jpg,4
1738309261.jpg,4
1738379259.jpg,3
1738486580.jpg,4
173864450.jpg,4
173970359.jpg,4
1739927380.jpg,4
1740009337.jpg,4
1742301779.jpg,3
1744118582.jpg,3
1744149423.jpg,3
1745296302.jpg,3
1745363268.jpg,4
1745437875.jpg,3
1745794549.jpg,3
1748314267.jpg,3
1749530371.jpg,4
1752693374.jpg,3
1753325672.jpg,3
1753499945.jpg,3
1753621875.jpg,3
1757123102.jpg,4
1757442303.jpg,3
1757569899.jpg,3
1758318062.jpg,4
1759065699.jpg,3
1759297979.jpg,3
1760414048.jpg,3
1761634229.jpg,1
1763396057.jpg,3
1765114818.jpg,3
1765374655.jpg,4
1768545420.jpg,3
1768676175.jpg,3
1771017079.jpg,3
1773419255.jpg,3
177429020.jpg,4
1774341872.jpg,4
1774534152.jpg,3
1776479289.jpg,0
1778075552.jpg,4
1778097561.jpg,3
1778344931.jpg,3
1778392170.jpg,3
1778971646.jpg,4
1780364325.jpg,4
1782014584.jpg,4
1782504875.jpg,3
1783641862.jpg,2
1783731086.jpg,3
1784661840.jpg,3
1786887727.jpg,3
1789784121.jpg,3
1789849638.jpg,4
1790610491.jpg,3
1791561646.jpg,4
1791690921.jpg,0
179171196.jpg,3
179186914.jpg,3
1792694473.jpg,3
1794430804.jpg,4
1794652676.jpg,2
1795318849.jpg,3
179539065.jpg,4
1796222011.jpg,3
1796327295.jpg,4
179693098.jpg,3
1797636994.jpg,3
1799253944.jpg,3
1799764071.jpg,4
1800771351.jpg,2
1802754219.jpg,3
1803055979.jpg,4
1803422865.jpg,1
1803483476.jpg,3
1803764964.jpg,3
1804175748.jpg,3
1804425689.jpg,0
1807049681.jpg,3
1808650874.jpg,3
1809996556.jpg,4
181157076.jpg,3
1812204593.jpg,1
1812865076.jpg,0
181355439.jpg,4
1813814984.jpg,3
181506329.jpg,3
1815643293.jpg,3
1815863009.jpg,0
1817338371.jpg,3
1819398111.jpg,3
1820254127.jpg,0
1822218545.jpg,2
1823201205.jpg,3
1824287001.jpg,3
1824705261.jpg,3
182507815.jpg,0
1825174376.jpg,3
1826549418.jpg,2
1827541667.jpg,4
1827562232.jpg,4
1828496803.jpg,3
1829483493.jpg,3
1830061664.jpg,1
1830680184.jpg,1
1831075447.jpg,3
1831389246.jpg,1
1831580218.jpg,3
1832209153.jpg,4
1832863930.jpg,3
1833189586.jpg,3
1834175690.jpg,3
1834239430.jpg,3
1834269542.jpg,4
1834449995.jpg,3
1837614598.jpg,3
1838301541.jpg,4
183947051.jpg,1
1840519830.jpg,2
1841856969.jpg,2
1841980335.jpg,3
1842263776.jpg,1
1843594628.jpg,4
1843885965.jpg,4
1844147447.jpg,4
1844302649.jpg,3
1845581020.jpg,3
1848142800.jpg,4
1848686439.jpg,3
1848723275.jpg,1
184909120.jpg,3
1849963658.jpg,1
1851047251.jpg,4
1851497737.jpg,4
185234496.jpg,4
1854709315.jpg,2
1855389006.jpg,3
1855401853.jpg,3
1855493278.jpg,3
1855684239.jpg,3
1856743882.jpg,3
1856744348.jpg,4
1856852302.jpg,3
1857660206.jpg,4
1858722965.jpg,4
1860324672.jpg,3
1861251806.jpg,2
1861354699.jpg,4
1862072615.jpg,3
1864325507.jpg,3
1865596191.jpg,3
1865866480.jpg,3
1866140496.jpg,2
1866388418.jpg,4
186667196.jpg,3
1869687839.jpg,4
1870220929.jpg,3
1870606014.jpg,4
1870791731.jpg,3
1872997067.jpg,4
1873256612.jpg,4
1876905885.jpg,3
1877329141.jpg,3
1878129720.jpg,2
187887606.jpg,4
1879780359.jpg,4
1881585879.jpg,3
1881994461.jpg,4
18822170.jpg,4
1882441539.jpg,2
1882919886.jpg,3
1882922468.jpg,3
1882997044.jpg,3
1883219633.jpg,4
1884792007.jpg,4
1885063363.jpg,2
1886905036.jpg,4
1887341048.jpg,4
1888303872.jpg,3
1889205491.jpg,4
1890285082.jpg,2
1890446979.jpg,2
1891723020.jpg,3
1891912456.jpg,4
1891937724.jpg,4
1892079469.jpg,3
189256302.jpg,3
189339781.jpg,2
1894282232.jpg,3
1894675387.jpg,3
189585547.jpg,3
1896975057.jpg,3
1898437154.jpg,3
1898762161.jpg,3
1900666535.jpg,3
1900920171.jpg,3
1901119946.jpg,3
1901135696.jpg,3
1901223927.jpg,4
1901330627.jpg,4
1903992787.jpg,1
1904073700.jpg,3
190439528.jpg,3
1904799311.jpg,4
1906106521.jpg,3
1906649077.jpg,3
1907370084.jpg,3
1908179787.jpg,3
19090141.jpg,3
1909072265.jpg,4
1909170813.jpg,4
1909629301.jpg,3
1909948307.jpg,4
1911975500.jpg,4
1913393149.jpg,3
1914659234.jpg,4
1915044107.jpg,3
1916638324.jpg,3
1916970860.jpg,3
1918288357.jpg,3
192312490.jpg,2
1925563620.jpg,1
19258990.jpg,4
1926101032.jpg,4
1927089555.jpg,3
1927309377.jpg,2
1929539397.jpg,2
1930611889.jpg,3
1931683048.jpg,4
1932481347.jpg,3
1932487644.jpg,3
1933576413.jpg,3
1933581758.jpg,3
1934046551.jpg,2
1934675446.jpg,3
1934754539.jpg,3
1936058467.jpg,4
1936471252.jpg,3
1937546373.jpg,4
1938616867.jpg,3
1940949758.jpg,3
194223136.jpg,3
1942531385.jpg,4
194265941.jpg,3
1944572666.jpg,4
1945042930.jpg,4
1945153538.jpg,3
1946961119.jpg,3
1947542350.jpg,3
1947904134.jpg,4
194901171.jpg,3
1949071639.jpg,4
1950600545.jpg,3
1951284903.jpg,3
1952239701.jpg,1
1952962919.jpg,4
1954401437.jpg,3
1955971780.jpg,3
1957293251.jpg,4
1957663737.jpg,3
1957687163.jpg,3
1959916308.jpg,4
1960063101.jpg,4
1961471399.jpg,3
1963478389.jpg,3
1963744346.jpg,3
1964968519.jpg,4
196618228.jpg,4
1966591283.jpg,3
1967085246.jpg,2
196723634.jpg,4
1968070287.jpg,1
1968596086.jpg,3
1969050726.jpg,3
1969270538.jpg,3
1969371877.jpg,3
1969558771.jpg,3
1969585969.jpg,3
1969745118.jpg,4
1970290195.jpg,0
1971360173.jpg,3
197188910.jpg,3
1972030164.jpg,4
1973109559.jpg,4
197416826.jpg,3
1974242714.jpg,3
1975167712.jpg,3
1977177894.jpg,3
1977382577.jpg,3
197779816.jpg,3
1978871563.jpg,4
197942022.jpg,4
1981504031.jpg,4
1981678917.jpg,3
198333324.jpg,3
198415673.jpg,3
1985341761.jpg,3
1986081806.jpg,2
1986722045.jpg,3
19872828.jpg,3
1988550329.jpg,3
1989453071.jpg,3
1989543996.jpg,4
1990072539.jpg,1
1990916295.jpg,3
1991065222.jpg,3
1991311917.jpg,4
199365289.jpg,3
1993917626.jpg,3
1994098867.jpg,3
1994226029.jpg,3
1995342174.jpg,3
1998802568.jpg,3
1998817609.jpg,3
1999233979.jpg,3
1999438235.jpg,2
2000281372.jpg,3
2000481519.jpg,3
2002072647.jpg,3
2002168063.jpg,4
2002337945.jpg,0
2003114369.jpg,3
2003165329.jpg,3
2005257030.jpg,3
2005545104.jpg,4
200665366.jpg,3
2006844398.jpg,3
2008790859.jpg,4
2008808261.jpg,2
2010109352.jpg,3
2011886920.jpg,3
2012411582.jpg,3
2013583726.jpg,3
2013693595.jpg,3
2014097197.jpg,3
20153440.jpg,2
2016302207.jpg,4
2016669057.jpg,3
2017774096.jpg,1
2018165733.jpg,3
2019072714.jpg,4
2021497832.jpg,0
2021948804.jpg,3
2021981725.jpg,3
2022032014.jpg,3
2023366214.jpg,3
2024172583.jpg,4
2024432255.jpg,3
2025224084.jpg,0
2025758735.jpg,3
2027426362.jpg,3
2027821196.jpg,4
2028087473.jpg,4
2028259586.jpg,3
2028506424.jpg,1
202946302.jpg,2
2030421746.jpg,4
203087445.jpg,3
2031835632.jpg,2
2032424742.jpg,3
2033655713.jpg,4
2033709422.jpg,3
2035009601.jpg,4
2037151431.jpg,4
2038307832.jpg,3
2038601042.jpg,4
204127246.jpg,3
2042745547.jpg,2
2043349328.jpg,3
2044627598.jpg,3
2047483616.jpg,2
204827795.jpg,0
2049291369.jpg,3
2049908503.jpg,1
2051265559.jpg,3
2051366102.jpg,3
2051400563.jpg,0
2051638455.jpg,4
2052664728.jpg,4
205384008.jpg,3
2054130310.jpg,0
2056154613.jpg,3
2059298351.jpg,3
2059449835.jpg,3
2059527883.jpg,4
2059912139.jpg,3
2060529510.jpg,4
2060856128.jpg,4
2062460144.jpg,3
2066965759.jpg,4
2068782839.jpg,4
206885369.jpg,3
2069068462.jpg,3
2069119194.jpg,3
2069724844.jpg,3
2070436674.jpg,3
2073899075.jpg,4
2076036296.jpg,4
2078256265.jpg,0
2078445415.jpg,4
2079076752.jpg,3
2079090639.jpg,4
2079191755.jpg,3
2082399272.jpg,4
2086061590.jpg,3
2086525919.jpg,3
208816600.jpg,3
208832652.jpg,4
2088351120.jpg,4
2089510627.jpg,3
2089853591.jpg,3
2091943364.jpg,1
2092563525.jpg,3
2092629811.jpg,3
2094252123.jpg,3
2096624273.jpg,1
20966306.jpg,3
2097421346.jpg,4
2098674388.jpg,1
2098910919.jpg,1
2099207221.jpg,3
210014333.jpg,4
2101689184.jpg,4
2102230404.jpg,4
2102411543.jpg,4
2105335318.jpg,3
2105418108.jpg,3
2106660107.jpg,4
2110727627.jpg,3
2112871300.jpg,4
2115118532.jpg,1
2115508050.jpg,3
2115648947.jpg,4
2115818711.jpg,4
2119150128.jpg,3
2120113052.jpg,3
2120206845.jpg,3
2121726779.jpg,3
212262602.jpg,3
2123323431.jpg,3
2123719792.jpg,3
2124419576.jpg,3
2124797374.jpg,3
212573449.jpg,3
2126689276.jpg,3
212828935.jpg,3
2128383982.jpg,4
2128581284.jpg,1
2128717413.jpg,3
2129562481.jpg,3
2129589240.jpg,3
2130944221.jpg,3
2131418781.jpg,2
2133005660.jpg,3
2133117540.jpg,3
2137007247.jpg,3
2138098761.jpg,3
2138243842.jpg,3
2138515969.jpg,3
2138790395.jpg,4
2139921753.jpg,2
2140850552.jpg,3
2141005261.jpg,3
2141976873.jpg,3
214207820.jpg,3
2142120980.jpg,4
2142561990.jpg,3
2142992394.jpg,3
2146650798.jpg,2
214682484.jpg,3
2148834762.jpg,3
2149893988.jpg,4
2149970580.jpg,3
2150679320.jpg,3
2151417299.jpg,2
2152949074.jpg,4
2153916773.jpg,3
2154249381.jpg,3
2154886042.jpg,3
2155017078.jpg,3
2156032648.jpg,3
2156160232.jpg,4
2156442432.jpg,4
2157011481.jpg,3
215895607.jpg,0
2159674288.jpg,3
2159752225.jpg,3
2161004909.jpg,3
2161216430.jpg,4
2163414466.jpg,3
216472220.jpg,3
2167715304.jpg,3
2168664351.jpg,3
2169305287.jpg,4
2172512538.jpg,3
2173516398.jpg,3
2173674867.jpg,3
2174381903.jpg,4
2174562681.jpg,3
217477861.jpg,4
2175567661.jpg,4
2177098745.jpg,4
2177099962.jpg,4
2177297033.jpg,3
2177911442.jpg,2
2178075893.jpg,3
2178815503.jpg,3
2179057801.jpg,3
2179500029.jpg,4
2180706720.jpg,3
2181259401.jpg,4
2181413272.jpg,4
2184514925.jpg,3
2185157799.jpg,3
2185298493.jpg,4
2186658480.jpg,1
2186683331.jpg,4
2187699313.jpg,4
2188616846.jpg,4
2189224346.jpg,3
2189356747.jpg,4
218953457.jpg,3
2189559385.jpg,3
2189576451.jpg,3
2190685942.jpg,3
2191032534.jpg,3
219505342.jpg,3
219893328.jpg,3
2199495585.jpg,3
2199920986.jpg,3
2200408441.jpg,3
2202131582.jpg,4
2202207984.jpg,3
2202563232.jpg,3
2202750916.jpg,3
2204436794.jpg,3
2204999536.jpg,3
2205584045.jpg,3
2205715581.jpg,3
2207627108.jpg,3
2209356814.jpg,3
2210548781.jpg,4
221132537.jpg,3
2211589437.jpg,3
22116035.jpg,3
221215131.jpg,1
2213150889.jpg,4
2215510200.jpg,4
2215913583.jpg,1
2216366508.jpg,3
2216914717.jpg,3
2217052416.jpg,3
2217598381.jpg,0
2218341655.jpg,3
2218894352.jpg,2
222017409.jpg,4
2221155069.jpg,3
2221731773.jpg,3
2221889127.jpg,4
2225422643.jpg,2
2225817818.jpg,4
2225883353.jpg,3
2229012981.jpg,4
2231080458.jpg,3
2231413660.jpg,2
2233347534.jpg,3
2233424993.jpg,3
22341045.jpg,4
2234665752.jpg,3
2235761050.jpg,3
223654251.jpg,3
2237533145.jpg,2
2238082787.jpg,4
2240905108.jpg,3
2241165356.jpg,4
2241498976.jpg,4
2242172318.jpg,3
224258371.jpg,1
2243950685.jpg,3
2245122329.jpg,3
2245188644.jpg,3
2245464938.jpg,3
2245477659.jpg,3
224556154.jpg,4
2247014271.jpg,4
2247445291.jpg,3
2247595260.jpg,0
2247604933.jpg,3
2248319472.jpg,1
2249361509.jpg,3
2249556134.jpg,3
2250638663.jpg,3
2250996072.jpg,3
2252541083.jpg,3
2252569257.jpg,4
2252903610.jpg,4
2252976900.jpg,3
2253212784.jpg,4
225438474.jpg,3
2255774334.jpg,3
2257377706.jpg,4
2259345957.jpg,3
2259667328.jpg,3
2260389175.jpg,2
2260651595.jpg,3
2260738205.jpg,3
2261184904.jpg,3
2262263316.jpg,0
226294252.jpg,2
2265156316.jpg,3
2265305065.jpg,4
226533928.jpg,4
2265534194.jpg,4
226557134.jpg,4
22667751.jpg,3
2267602406.jpg,3
2268584645.jpg,4
2269945499.jpg,4
2270851426.jpg,3
2271327090.jpg,3
2271567719.jpg,4
2271623198.jpg,3
2271948413.jpg,1
227245436.jpg,4
2272862732.jpg,3
2275525608.jpg,3
227631164.jpg,2
2276638864.jpg,3
2276911457.jpg,3
2277025028.jpg,3
2278017076.jpg,4
2278281792.jpg,4
2278360992.jpg,4
2279625140.jpg,3
2280389729.jpg,4
2280394057.jpg,1
2281084675.jpg,3
2281714249.jpg,4
2282200395.jpg,4
2282620125.jpg,4
2284607100.jpg,3
2285402273.jpg,0
2286796247.jpg,4
2287436333.jpg,3
2289892824.jpg,4
2289989107.jpg,2
2290638835.jpg,4
2292375600.jpg,3
2293304630.jpg,3
2294615213.jpg,0
2297160503.jpg,3
2297472102.jpg,4
2297731997.jpg,4
2299480123.jpg,4
2302050669.jpg,3
2302473877.jpg,3
2302834762.jpg,4
2303070884.jpg,0
2306958461.jpg,1
2307052417.jpg,4
2307171818.jpg,3
2308841380.jpg,3
2312856534.jpg,4
2313023027.jpg,3
2313757161.jpg,3
231478617.jpg,3
2314978790.jpg,4
2315485719.jpg,3
2315549875.jpg,3
2317789476.jpg,4
2318653879.jpg,3
2318861045.jpg,4
2319938868.jpg,3
2321394894.jpg,3
2321561493.jpg,3
2321688265.jpg,3
2322017593.jpg,3
2322601993.jpg,0
2323982153.jpg,2
232417860.jpg,3
2324445131.jpg,3
2324786048.jpg,2
232481441.jpg,3
2325628787.jpg,1
2327293585.jpg,4
2329255732.jpg,4
2329782169.jpg,4
2333203081.jpg,3
2333596954.jpg,4
2333701090.jpg,2
2335461038.jpg,4
2335748630.jpg,4
2340269019.jpg,3
2340576702.jpg,4
2342166516.jpg,3
2342506991.jpg,4
234405465.jpg,3
2344308543.jpg,2
2347037754.jpg,3
2347169881.jpg,3
234735395.jpg,3
2348917389.jpg,2
2349124978.jpg,4
2350465175.jpg,3
2351109421.jpg,4
2351347259.jpg,4
2352335642.jpg,4
2353691297.jpg,3
2354318365.jpg,1
2355183188.jpg,3
2355276197.jpg,3
2355374074.jpg,3
2356134016.jpg,3
235722628.jpg,3
2360034731.jpg,2
2360611086.jpg,3
2361399280.jpg,3
236211196.jpg,4
2365326310.jpg,2
2365362415.jpg,2
2365989054.jpg,3
2367220832.jpg,3
2368468468.jpg,3
2368588448.jpg,3
2369441283.jpg,3
2371633225.jpg,3
2372527098.jpg,3
2373077253.jpg,2
2376221892.jpg,3
2376480067.jpg,3
2377930931.jpg,3
2381360822.jpg,0
2381662575.jpg,3
2383750742.jpg,4
2383823888.jpg,4
2384551148.jpg,4
2385423168.jpg,4
2388034478.jpg,3
2388202129.jpg,0
2389802150.jpg,4
2389849927.jpg,3
2390382955.jpg,3
2390908858.jpg,4
2390982435.jpg,4
2392357022.jpg,3
2393699847.jpg,3
2394265981.jpg,3
2394770217.jpg,3
2396550881.jpg,3
239700501.jpg,3
23975111.jpg,3
2397652699.jpg,3
2399673034.jpg,4
2400087908.jpg,4
2404812661.jpg,3
2405788205.jpg,3
2406078885.jpg,3
2408627676.jpg,3
2409113043.jpg,3
2410206880.jpg,0
2411669233.jpg,4
2411989112.jpg,3
2412808296.jpg,3
2414261693.jpg,3
2416353814.jpg,3
2417340627.jpg,3
241750365.jpg,3
2418737961.jpg,1
2419833907.jpg,4
2420339753.jpg,1
2420529827.jpg,4
2421071038.jpg,3
2421154857.jpg,2
2421207355.jpg,4
2421223189.jpg,3
2421566220.jpg,3
2421758086.jpg,4
2421789568.jpg,3
2421980371.jpg,4
2422449702.jpg,3
2422491518.jpg,4
2424084146.jpg,4
2424397396.jpg,3
2425413365.jpg,1
2426272316.jpg,3
2428477722.jpg,4
2428617984.jpg,3
2428834904.jpg,4
2429941129.jpg,3
2430068379.jpg,3
243194540.jpg,4
2432250705.jpg,3
2432592527.jpg,2
2433281997.jpg,0
2433407680.jpg,3
2435836434.jpg,4
2437959536.jpg,4
2438476273.jpg,3
2440390856.jpg,4
2441910207.jpg,3
2442485035.jpg,3
2442913111.jpg,1
2446074301.jpg,3
2446248969.jpg,4
2447025051.jpg,3
2448133636.jpg,3
2448657590.jpg,3
245076718.jpg,4
2450978537.jpg,3
2451596981.jpg,3
2452042158.jpg,3
2454437891.jpg,3
2457010245.jpg,4
2457404086.jpg,4
245825296.jpg,3
2458325130.jpg,3
2460357175.jpg,3
2460761267.jpg,3
2461604089.jpg,4
2461721472.jpg,4
2462319978.jpg,3
2462343820.jpg,3
24632378.jpg,3
2463819050.jpg,3
2465451317.jpg,2
2466680233.jpg,3
2466684931.jpg,3
2467248258.jpg,3
2467324210.jpg,3
2468085000.jpg,3
2468551140.jpg,4
2470178164.jpg,4
2474385687.jpg,4
2475211704.jpg,3
2475226454.jpg,3
2476023220.jpg,3
2476543961.jpg,3
247720048.jpg,3
2478144118.jpg,4
2478233162.jpg,2
2478621909.jpg,4
2478627956.jpg,3
2478931930.jpg,3
2479115666.jpg,3
2479637031.jpg,4
2480152514.jpg,1
2480715944.jpg,3
2482667092.jpg,3
2484271873.jpg,3
2484373271.jpg,3
248540513.jpg,4
2486212637.jpg,3
2488982493.jpg,4
2489511782.jpg,3
2489749892.jpg,3
2490423956.jpg,3
2490500450.jpg,3
249475993.jpg,3
2494865945.jpg,3
249609077.jpg,3
2496275543.jpg,3
2496639150.jpg,2
2496761158.jpg,3
2497079238.jpg,3
2497160011.jpg,4
2498224587.jpg,4
2501019340.jpg,3
250183789.jpg,4
2503151412.jpg,3
250369715.jpg,3
2505719500.jpg,2
2505935293.jpg,3
250907427.jpg,3
2510072136.jpg,3
2511157697.jpg,3
2512652724.jpg,1
2513489893.jpg,3
2514027748.jpg,0
251635361.jpg,3
2516383896.jpg,4
2516584960.jpg,2
251711364.jpg,3
2517886077.jpg,0
2517952963.jpg,1
2518671335.jpg,4
2520536047.jpg,3
2520567878.jpg,4
2520828282.jpg,3
2521900114.jpg,4
2521993035.jpg,3
2522202499.jpg,3
2524433786.jpg,3
2524662957.jpg,0
2524827545.jpg,3
2525439340.jpg,3
2526623317.jpg,0
2531124051.jpg,1
253146039.jpg,4
253218787.jpg,2
2532945082.jpg,3
253418223.jpg,3
2534666222.jpg,4
2535154640.jpg,3
253584137.jpg,2
2536523120.jpg,3
2538957278.jpg,3
2539159693.jpg,4
2541215311.jpg,3
2541245392.jpg,3
2543156984.jpg,0
254357332.jpg,1
2543606429.jpg,3
2543681056.jpg,0
2544507899.jpg,3
2544512868.jpg,3
2545092425.jpg,3
2545481828.jpg,3
2548136673.jpg,1
2550504430.jpg,3
2550859820.jpg,3
255110661.jpg,3
255325120.jpg,3
2554046191.jpg,4
2556503478.jpg,3
2556547165.jpg,3
2556955265.jpg,4
2557400310.jpg,3
255761886.jpg,4
255823836.jpg,3
255912083.jpg,4
2559634940.jpg,0
2560984671.jpg,3
2564359652.jpg,3
2564891184.jpg,4
2565638908.jpg,4
2567448095.jpg,3
256879152.jpg,3
2571654176.jpg,3
2572884374.jpg,4
2574815310.jpg,3
2574872277.jpg,3
2576198771.jpg,4
257692730.jpg,3
2577042809.jpg,4
2577359275.jpg,3
2577910904.jpg,3
2578752042.jpg,3
2580905248.jpg,3
2582422304.jpg,3
2586069156.jpg,4
2589772817.jpg,3
2590675849.jpg,4
259197447.jpg,3
2593681769.jpg,4
2593776626.jpg,1
2594433845.jpg,1
2595003761.jpg,3
2595712013.jpg,4
2596091150.jpg,3
2597280377.jpg,3
2597522280.jpg,3
2597787460.jpg,3
2600336593.jpg,4
2602456265.jpg,4
2602722844.jpg,4
2602727826.jpg,3
2603324706.jpg,3
2604034775.jpg,3
2604759921.jpg,1
2604770310.jpg,1
2604866493.jpg,3
2605912286.jpg,4
2606217713.jpg,3
2607049365.jpg,3
2608202173.jpg,2
2608727158.jpg,3
2609118194.jpg,1
2609143290.jpg,4
2609479763.jpg,3
2609946229.jpg,3
2610204498.jpg,1
2612857188.jpg,4
261391289.jpg,4
2614256143.jpg,3
2614282441.jpg,3
2615483301.jpg,3
2617343706.jpg,3
261790326.jpg,3
2618046687.jpg,4
2618549388.jpg,4
2620149411.jpg,3
2620830475.jpg,3
2621976990.jpg,2
2622575097.jpg,4
2623306990.jpg,4
2627328998.jpg,3
2627477973.jpg,3
2627491487.jpg,3
262767997.jpg,3
2627681219.jpg,3
2628143794.jpg,1
263155450.jpg,3
2632382068.jpg,3
2633432586.jpg,4
2635402791.jpg,3
2639663293.jpg,4
2640239935.jpg,1
2642218624.jpg,3
2642951848.jpg,3
2643209244.jpg,3
2643606706.jpg,3
2644010748.jpg,4
2645376544.jpg,4
2647070246.jpg,3
2647337220.jpg,3
2647587429.jpg,3
264791507.jpg,4
2650131569.jpg,0
265078969.jpg,4
2652646757.jpg,3
2653161665.jpg,3
2653588387.jpg,4
2653683211.jpg,3
2654097903.jpg,4
2654269519.jpg,2
2656071193.jpg,3
2657641682.jpg,4
2657664587.jpg,3
2658253908.jpg,4
2660718512.jpg,3
2669409913.jpg,3
2669476426.jpg,4
2671639707.jpg,4
2672090644.jpg,2
2673180218.jpg,3
2673270536.jpg,3
2675944599.jpg,4
2677719734.jpg,2
2678192869.jpg,3
2678713087.jpg,3
26805266.jpg,4
2681268297.jpg,4
2682408847.jpg,3
2682587481.jpg,3
2683256831.jpg,3
2684430050.jpg,3
2685227014.jpg,3
2685278721.jpg,3
2685552473.jpg,4
2686776292.jpg,3
2687625618.jpg,3
2687703797.jpg,4
2688778202.jpg,4
2690070450.jpg,4
2692229898.jpg,3
2694111993.jpg,3
2694162898.jpg,4
2696879425.jpg,2
2698282165.jpg,0
2698895843.jpg,3
2699226365.jpg,1
269949452.jpg,4
2699540101.jpg,3
2700996654.jpg,3
2702330830.jpg,4
2703432678.jpg,3
2708567457.jpg,3
270924529.jpg,4
2710366217.jpg,1
2710440557.jpg,4
2710925690.jpg,1
2712562473.jpg,3
2713307369.jpg,3
2717285878.jpg,3
2717987423.jpg,3
2718506002.jpg,3
2720050371.jpg,3
2722584545.jpg,3
2722816712.jpg,3
2726255928.jpg,4
2728936550.jpg,4
2729556493.jpg,4
2730357599.jpg,3
2731342546.jpg,2
2732746360.jpg,3
2732794141.jpg,3
2732825636.jpg,4
273321548.jpg,3
2733686258.jpg,3
2736688100.jpg,3
2737285145.jpg,3
2738117175.jpg,3
2738825218.jpg,3
2740084860.jpg,3
2740240477.jpg,3
2740620801.jpg,3
2741103314.jpg,4
274385992.jpg,3
2744554143.jpg,3
2745407686.jpg,1
2745720901.jpg,3
274726002.jpg,3
2747268092.jpg,4
274790043.jpg,3
2751319836.jpg,4
2752015224.jpg,0
2753540167.jpg,4
2754262349.jpg,3
2754438166.jpg,3
2754482477.jpg,3
2755160950.jpg,3
2755812259.jpg,3
2756944342.jpg,4
2757717680.jpg,3
2758510429.jpg,3
2758929090.jpg,2
2761141056.jpg,4
2761497059.jpg,2
2762202767.jpg,4
27622239.jpg,4
2763229713.jpg,3
2763501516.jpg,2
2763682607.jpg,1
2763974750.jpg,2
2763991113.jpg,4
276774458.jpg,4
2767835895.jpg,3
2768330452.jpg,3
2768884840.jpg,4
276909860.jpg,3
2771179588.jpg,3
2771434768.jpg,3
2773015311.jpg,3
2776053424.jpg,4
2776668542.jpg,4
2778033959.jpg,3
2780229634.jpg,3
2781120997.jpg,3
2781299345.jpg,3
27819829.jpg,4
278365274.jpg,3
2787235942.jpg,0
278898129.jpg,4
2791248037.jpg,3
2791918976.jpg,3
2792077212.jpg,3
279235285.jpg,3
2794478176.jpg,3
2795132787.jpg,3
2796815697.jpg,4
279714753.jpg,3
27989539.jpg,4
2799677142.jpg,3
2799970336.jpg,4
2800762373.jpg,3
2800812687.jpg,4
280102380.jpg,4
2801703487.jpg,4
2803815396.jpg,2
2807173695.jpg,4
2807251321.jpg,3
2807877356.jpg,3
2808537553.jpg,3
2808848942.jpg,3
2809660015.jpg,4
281173602.jpg,4
2811772992.jpg,4
2813455055.jpg,4
2813586418.jpg,4
2814110905.jpg,3
2814667133.jpg,3
281473459.jpg,3
2815195453.jpg,4
2815272486.jpg,3
2815339197.jpg,0
2815915727.jpg,3
2817010639.jpg,3
2818805641.jpg,4
2819461837.jpg,4
2820292707.jpg,3
2820517088.jpg,0
2820596794.jpg,3
2821260437.jpg,2
2822909369.jpg,4
2823421970.jpg,3
2823878718.jpg,3
282395895.jpg,3
2824543301.jpg,4
2824711941.jpg,4
2827166552.jpg,3
2828144235.jpg,2
2828604531.jpg,3
2830245641.jpg,1
2831467808.jpg,0
2832943680.jpg,3
2834607422.jpg,3
283668600.jpg,4
283709866.jpg,2
2839558739.jpg,1
2840067071.jpg,3
2840845699.jpg,1
2842557158.jpg,3
284272770.jpg,3
2843402791.jpg,4
2845047042.jpg,4
2845701741.jpg,4
2846083569.jpg,3
2846698529.jpg,4
2847670157.jpg,3
2848167687.jpg,3
2851173680.jpg,3
2851517936.jpg,3
2854111497.jpg,4
2854297423.jpg,0
2855622883.jpg,3
2856433123.jpg,3
2856542971.jpg,3
2856660154.jpg,3
2858707596.jpg,4
2859854202.jpg,2
2862573284.jpg,3
2863889323.jpg,3
2864427141.jpg,4
2864532885.jpg,3
286514821.jpg,4
286905870.jpg,4
2869590198.jpg,4
2870914313.jpg,3
2871112358.jpg,3
2871262149.jpg,3
2872140019.jpg,3
2873149227.jpg,4
2876258048.jpg,3
2876605372.jpg,3
2876644518.jpg,3
2877008433.jpg,3
2877771925.jpg,3
2878645903.jpg,4
2879061263.jpg,1
287967918.jpg,4
2879960954.jpg,4
2882878269.jpg,3
2883095931.jpg,3
2883197324.jpg,4
2883466780.jpg,4
2884234372.jpg,3
2885001903.jpg,3
288659621.jpg,4
2886939236.jpg,4
2887362636.jpg,2
2887993051.jpg,4
2888320334.jpg,2
2888618344.jpg,1
2888640560.jpg,4
2888967355.jpg,3
2889810856.jpg,3
2889965946.jpg,4
2892116713.jpg,3
2892238301.jpg,3
2892660349.jpg,3
2893109230.jpg,2
2893140493.jpg,4
2893323611.jpg,3
2895516446.jpg,3
2895678795.jpg,3
2896377982.jpg,4
2896421172.jpg,4
2897788070.jpg,4
2898656244.jpg,3
2899766947.jpg,3
2900358296.jpg,2
2903239369.jpg,3
2903569390.jpg,3
2903816305.jpg,3
2904199650.jpg,3
2905371700.jpg,3
2905433618.jpg,3
290569488.jpg,4
2906227978.jpg,1
2906577279.jpg,3
2906936661.jpg,3
2907281169.jpg,3
2907433779.jpg,3
290865362.jpg,3
290867441.jpg,3
2908850591.jpg,3
2909683622.jpg,3
291050311.jpg,3
291053926.jpg,3
2911400901.jpg,3
291224369.jpg,3
2912819166.jpg,2
2912938303.jpg,1
2913981436.jpg,1
2914141395.jpg,3
2914654588.jpg,3
2915539500.jpg,1
29157816.jpg,1
291604764.jpg,4
2916268128.jpg,4
2916471006.jpg,4
291970029.jpg,4
2919802087.jpg,3
2919893259.jpg,4
2922919647.jpg,4
2922966449.jpg,4
292358670.jpg,3
2924102968.jpg,3
2925605732.jpg,4
2925813866.jpg,3
2926580522.jpg,4
2927026832.jpg,4
2927894622.jpg,3
2928220238.jpg,2
2929004417.jpg,3
2929358407.jpg,3
2929693289.jpg,3
293090840.jpg,3
2932210794.jpg,3
2934031861.jpg,3
2934273784.jpg,3
2934640241.jpg,4
293561831.jpg,4
2936101260.jpg,4
2938350467.jpg,3
2939026915.jpg,4
29400522.jpg,3
2941081204.jpg,3
2941588504.jpg,3
2941744909.jpg,3
2944616493.jpg,3
2945358749.jpg,3
2946227885.jpg,3
294640779.jpg,3
294829234.jpg,3
295042633.jpg,3
2953080290.jpg,2
2953084607.jpg,3
2953110907.jpg,1
2954402827.jpg,1
2955071995.jpg,1
2956931145.jpg,0
2957271805.jpg,4
2959800019.jpg,3
2960107815.jpg,3
2960433265.jpg,3
2961976125.jpg,4
2962131870.jpg,3
2962685748.jpg,3
2962837486.jpg,3
296398112.jpg,3
296442602.jpg,3
296446823.jpg,3
296641971.jpg,3
2967016928.jpg,3
2967206024.jpg,2
296895333.jpg,1
296987551.jpg,0
2972586546.jpg,3
2972617511.jpg,3
2973739400.jpg,3
297627784.jpg,3
2976384122.jpg,3
2976631036.jpg,4
2976828159.jpg,3
297724052.jpg,4
2977510459.jpg,4
297915316.jpg,2
2979725349.jpg,3
298056095.jpg,3
2981404650.jpg,3
2982179908.jpg,3
2982657452.jpg,3
2982922250.jpg,4
2983732165.jpg,3
2983898856.jpg,2
2985263971.jpg,3
2988588549.jpg,4
2989225122.jpg,3
2989546324.jpg,1
2989643303.jpg,4
2991997052.jpg,3
2992093777.jpg,3
2992877889.jpg,3
299296810.jpg,3
2993504206.jpg,4
2993551637.jpg,1
2993583525.jpg,3
2994003111.jpg,4
2995416901.jpg,4
2995462009.jpg,3
2995810956.jpg,3
2996324842.jpg,3
2997330474.jpg,3
3000114558.jpg,3
300029526.jpg,2
3005442364.jpg,3
3007026060.jpg,3
3008069732.jpg,3
3009647475.jpg,3
3010280604.jpg,3
3011636410.jpg,4
3011700717.jpg,3
3013359895.jpg,1
301572737.jpg,4
3015735585.jpg,3
3015865216.jpg,3
3018620634.jpg,3
3019705895.jpg,3
3019739118.jpg,3
3020106528.jpg,2
3020407594.jpg,4
302050048.jpg,1
3020582111.jpg,4
3022329873.jpg,3
3022337655.jpg,3
3023944209.jpg,0
302428207.jpg,3
3025763927.jpg,1
3026594115.jpg,1
3028297982.jpg,3
3028711047.jpg,3
3030489629.jpg,4
303061561.jpg,3
3031971659.jpg,4
3031973712.jpg,4
3032067755.jpg,4
3034111444.jpg,3
3034455648.jpg,2
3035140922.jpg,3
3037049633.jpg,3
3037767592.jpg,2
3038549667.jpg,3
3040986534.jpg,3
3041990872.jpg,3
3043097813.jpg,4
304370319.jpg,3
304404998.jpg,3
3044159810.jpg,1
304479365.jpg,3
3049457065.jpg,3
3050370380.jpg,3
3050606537.jpg,3
3051256988.jpg,3
3051314649.jpg,4
3052425388.jpg,3
3052724043.jpg,3
3052959460.jpg,0
3054260375.jpg,3
3054285168.jpg,1
305710405.jpg,3
3057628143.jpg,3
3057793137.jpg,0
3059062669.jpg,4
3059290007.jpg,3
3059461197.jpg,3
3059732503.jpg,3
3060217121.jpg,3
3061399544.jpg,1
3061935906.jpg,4
3063789590.jpg,4
3063807810.jpg,1
3064180611.jpg,2
3064807599.jpg,4
3065582902.jpg,3
3066358894.jpg,1
3069603925.jpg,4
3070076859.jpg,1
3071921954.jpg,3
3072161294.jpg,1
3072589200.jpg,2
3072970337.jpg,3
3073409707.jpg,3
3073578752.jpg,0
3076104681.jpg,2
3078123533.jpg,3
3080866826.jpg,1
3081284258.jpg,3
3082130053.jpg,0
3082545983.jpg,4
3082875782.jpg,2
3083312540.jpg,3
3083765507.jpg,1
3084656957.jpg,3
3085561722.jpg,0
3085786818.jpg,4
3087051356.jpg,1
3088622958.jpg,3
3089156295.jpg,3
3090899728.jpg,1
3090978952.jpg,3
3092276386.jpg,3
3092394868.jpg,3
3092974289.jpg,4
3093608438.jpg,0
3093623574.jpg,4
3094956073.jpg,4
3095413567.jpg,3
309569120.jpg,2
3096568582.jpg,2
3097661849.jpg,3
3099904843.jpg,3
3099914588.jpg,3
3100860826.jpg,3
3101350755.jpg,3
3102075869.jpg,1
3102370100.jpg,3
3103401623.jpg,3
3103857715.jpg,3
310418118.jpg,3
310583515.jpg,3
3106298633.jpg,1
3107644192.jpg,3
3107954712.jpg,4
3108176484.jpg,3
3110371783.jpg,4
311255261.jpg,3
3112835749.jpg,3
3114512047.jpg,3
3115057364.jpg,3
3115452915.jpg,4
3115800767.jpg,4
3116602626.jpg,4
3117063498.jpg,3
3117103007.jpg,4
3117191836.jpg,3
3118659210.jpg,4
3118860161.jpg,3
3119447411.jpg,4
3120113567.jpg,3
312043582.jpg,3
3120725353.jpg,3
3120878969.jpg,0
3121142461.jpg,3
3121650920.jpg,3
3121774796.jpg,3
3125050696.jpg,3
3126169965.jpg,3
3128443640.jpg,3
3128583938.jpg,4
3131524704.jpg,3
3132012439.jpg,3
3132897283.jpg,3
3133830845.jpg,1
3134495079.jpg,3
3136225085.jpg,3
3136330452.jpg,3
313737928.jpg,3
3138682284.jpg,4
3139351952.jpg,3
31398935.jpg,3
3140086152.jpg,2
3140563165.jpg,4
3140915827.jpg,2
314175675.jpg,3
3142330263.jpg,3
3142378861.jpg,3
3142476527.jpg,3
3146496839.jpg,4
31471904.jpg,3
3148313410.jpg,1
3149092029.jpg,3
3149481755.jpg,3
3149877253.jpg,3
3151288722.jpg,3
3151430402.jpg,3
3151779462.jpg,1
3152994734.jpg,4
3153794511.jpg,1
3154183706.jpg,3
3154594813.jpg,3
3155962772.jpg,3
3156249894.jpg,3
3156981020.jpg,3
3159203508.jpg,3
3161570482.jpg,3
3162425468.jpg,2
3163012106.jpg,3
316423437.jpg,3
316457574.jpg,2
3164729248.jpg,3
3165375384.jpg,4
3165951820.jpg,4
3168515160.jpg,0
3168873139.jpg,2
3169445535.jpg,3
3171295117.jpg,3
3171724304.jpg,0
3172040723.jpg,3
3174632328.jpg,3
3175131479.jpg,3
3175825671.jpg,3
3176028684.jpg,4
3177006269.jpg,0
3177530760.jpg,1
3178152218.jpg,4
317953378.jpg,3
3180157873.jpg,4
3180218586.jpg,0
3180565716.jpg,4
3181273999.jpg,3
3181538657.jpg,3
3181988739.jpg,3
3182178940.jpg,3
3182540417.jpg,3
3184329827.jpg,4
3184864595.jpg,3
3185542576.jpg,4
3186227510.jpg,3
3187086613.jpg,3
3187229916.jpg,3
3187532677.jpg,3
3189096196.jpg,4
3190222553.jpg,4
3191091730.jpg,4
3191507930.jpg,1
3192117887.jpg,3
3192657039.jpg,3
3194399372.jpg,4
3194661838.jpg,3
3194870771.jpg,4
3195057988.jpg,4
3195527242.jpg,4
3196066673.jpg,4
319688327.jpg,3
3198558728.jpg,3
3198959559.jpg,4
3201631268.jpg,4
3204045687.jpg,4
3204065904.jpg,4
3205016772.jpg,3
3205636467.jpg,4
3206254963.jpg,0
3208135631.jpg,3
3208851813.jpg,3
3209205412.jpg,3
3209323639.jpg,3
3209363039.jpg,3
3210844755.jpg,2
3211354842.jpg,3
3211443011.jpg,4
321186710.jpg,4
3212523761.jpg,4
3213687782.jpg,3
3213974381.jpg,3
3214572366.jpg,4
321774948.jpg,4
3218303848.jpg,4
3219226576.jpg,3
3221582204.jpg,4
322175078.jpg,4
3223959207.jpg,4
3224683062.jpg,3
3224818576.jpg,2
3225424173.jpg,4
3226850517.jpg,4
3231194302.jpg,3
3231201573.jpg,3
3232296827.jpg,4
3232568726.jpg,3
3234169985.jpg,3
3234847067.jpg,3
3234915269.jpg,3
323643243.jpg,3
3236562372.jpg,4
3238472745.jpg,3
3240471476.jpg,3
3240849248.jpg,3
3241038013.jpg,3
3241388791.jpg,3
3241869544.jpg,4
3242699684.jpg,3
3247553763.jpg,3
324973977.jpg,4
3255013873.jpg,4
3255912771.jpg,4
3256294649.jpg,3
3257181321.jpg,3
3257324402.jpg,3
3257812988.jpg,3
3258749650.jpg,3
3258960112.jpg,4
3259441892.jpg,4
3259817213.jpg,3
3260576372.jpg,3
326251894.jpg,3
3264326594.jpg,3
3266655570.jpg,3
3266717103.jpg,0
3266893839.jpg,3
3267552912.jpg,4
3267768763.jpg,3
3267776509.jpg,3
3269539876.jpg,3
3270798775.jpg,4
327095430.jpg,3
3271313528.jpg,3
32717492.jpg,3
3271797853.jpg,2
3272245508.jpg,1
3272923042.jpg,3
3275448678.jpg,3
3276292509.jpg,3
3276860479.jpg,4
3277182366.jpg,4
3277367101.jpg,3
3278317596.jpg,0
3278834779.jpg,3
3279765825.jpg,3
3281185613.jpg,3
3281209733.jpg,3
3283953318.jpg,3
3285343961.jpg,3
3285778653.jpg,3
3286178995.jpg,3
3286807982.jpg,3
328706922.jpg,3
3287098987.jpg,3
3287300042.jpg,3
3289230042.jpg,3
3290949725.jpg,3
3293187479.jpg,3
3294105738.jpg,3
3294628628.jpg,0
3295247232.jpg,3
3295623672.jpg,3
3296169925.jpg,3
3297922486.jpg,3
3299026258.jpg,3
3299467445.jpg,3
3301703643.jpg,3
3301808128.jpg,3
3302044032.jpg,3
3302742656.jpg,4
3303464216.jpg,2
3303586699.jpg,3
3303796327.jpg,3
3304054356.jpg,3
330459705.jpg,1
3304610004.jpg,3
3305328622.jpg,4
3307190669.jpg,1
3307432740.jpg,0
3308428199.jpg,1
3308855031.jpg,3
3309005078.jpg,4
3309760178.jpg,3
3310982329.jpg,4
3312736716.jpg,3
3315008356.jpg,4
3315979770.jpg,3
3316783738.jpg,3
3316789883.jpg,1
3317706044.jpg,4
3320071514.jpg,4
3322439675.jpg,4
3323135755.jpg,3
3323262594.jpg,3
3324645534.jpg,3
3324852988.jpg,3
3325565280.jpg,3
3325973632.jpg,4
3326029378.jpg,3
3327250048.jpg,3
3327540813.jpg,3
3328116890.jpg,3
3330242957.jpg,3
3331063078.jpg,4
3333099414.jpg,3
3335121390.jpg,0
3335254269.jpg,3
3337773185.jpg,3
3337851974.jpg,3
3338093655.jpg,3
3338201201.jpg,3
3339139247.jpg,4
3340093291.jpg,3
3340196015.jpg,3
3340835800.jpg,3
3341399978.jpg,4
3341661960.jpg,1
3342257718.jpg,1
334306326.jpg,3
3346966351.jpg,0
3347678996.jpg,3
3347996516.jpg,3
3349377732.jpg,4
3349716864.jpg,3
3350054434.jpg,3
3350533771.jpg,0
335204978.jpg,3
3353855259.jpg,3
3354273498.jpg,3
3354660448.jpg,4
3356448488.jpg,4
3358035906.jpg,3
3358836074.jpg,3
336066168.jpg,3
3361179403.jpg,3
3361317754.jpg,3
3362714719.jpg,4
3362743829.jpg,3
3363529103.jpg,1
3366388775.jpg,3
3367003264.jpg,3
3367950793.jpg,4
336804409.jpg,3
3368271822.jpg,3
3368505651.jpg,0
3368595399.jpg,3
3368623570.jpg,1
3368939733.jpg,3
3369073457.jpg,3
3369161144.jpg,3
3370131164.jpg,4
3371718731.jpg,3
337218970.jpg,4
3374850417.jpg,3
3376788870.jpg,2
3376905285.jpg,3
3377004222.jpg,3
3377176469.jpg,3
3377838107.jpg,4
3378948686.jpg,3
3379826408.jpg,4
3380981345.jpg,3
3382800297.jpg,1
3382927919.jpg,4
3383385001.jpg,3
3383545626.jpg,3
3384499774.jpg,0
3384693576.jpg,1
3386180554.jpg,3
3388143466.jpg,4
3391232032.jpg,3
3391947376.jpg,4
3394364486.jpg,4
3394465312.jpg,3
3394998114.jpg,4
3395550776.jpg,0
339595487.jpg,4
3396595680.jpg,3
3397650599.jpg,3
3398011052.jpg,4
3398069947.jpg,3
3398356924.jpg,2
3398825087.jpg,3
3398915024.jpg,3
339926479.jpg,3
3399701289.jpg,4
3400088809.jpg,3
3400761486.jpg,3
3401755120.jpg,4
3401765971.jpg,4
340296463.jpg,4
3403835665.jpg,2
3404947416.jpg,1
3405285507.jpg,3
3406705095.jpg,3
3406720343.jpg,4
3408566327.jpg,4
3409149175.jpg,3
3409781631.jpg,0
3410127077.jpg,3
3412184648.jpg,3
3412345556.jpg,2
3412620463.jpg,4
3412879833.jpg,3
341323855.jpg,3
3413647138.jpg,3
3415144054.jpg,2
3415500491.jpg,3
341610432.jpg,4
3416568166.jpg,4
3418110218.jpg,4
3419884089.jpg,4
3420596297.jpg,4
3421109276.jpg,4
3421593064.jpg,3
3424914349.jpg,3
3424923425.jpg,3
3425536750.jpg,3
3426851780.jpg,3
3428113072.jpg,4
3431321737.jpg,3
3432135920.jpg,3
3433962885.jpg,3
3435954655.jpg,4
3436413534.jpg,3
3438055789.jpg,4
3438108559.jpg,2
3438538629.jpg,2
3439168363.jpg,3
3440246067.jpg,3
3441642787.jpg,4
3442406076.jpg,3
3442647074.jpg,3
3443521560.jpg,1
344462592.jpg,4
3445484006.jpg,3
3446252418.jpg,3
34481998.jpg,3
3448635186.jpg,3
3449233944.jpg,3
344993238.jpg,3
3452847789.jpg,3
3453071010.jpg,4
3453865390.jpg,3
3454772304.jpg,3
3455295356.jpg,4
3457037921.jpg,3
3458620243.jpg,3
3459239609.jpg,2
3459489785.jpg,3
3460239592.jpg,3
3460883505.jpg,4
3462467027.jpg,3
346303870.jpg,1
3463125654.jpg,3
3463523179.jpg,4
3464607854.jpg,4
3466335859.jpg,3
3466878993.jpg,1
3468310197.jpg,1
3468985035.jpg,3
3469093921.jpg,4
3473324487.jpg,2
3474078431.jpg,4
3474948035.jpg,4
3475526281.jpg,4
3476126646.jpg,2
3476502562.jpg,1
3478362469.jpg,4
3478417480.jpg,2
3479361153.jpg,1
3480553170.jpg,4
3481763546.jpg,3
348185554.jpg,4
3483686543.jpg,3
3484015955.jpg,4
3485380949.jpg,3
3485950795.jpg,3
3486448713.jpg,4
3487010355.jpg,3
3487772130.jpg,3
3487867690.jpg,3
3487985458.jpg,3
3488960155.jpg,3
3489269748.jpg,1
3489780896.jpg,3
3489790909.jpg,3
3491035063.jpg,3
3492042850.jpg,0
3492114933.jpg,3
3492280117.jpg,2
3492572077.jpg,4
3495162607.jpg,3
3495209227.jpg,3
3495835530.jpg,3
3496093986.jpg,1
3497274935.jpg,4
3497908336.jpg,4
3500044378.jpg,4
3500950357.jpg,4
3501100214.jpg,3
3501360011.jpg,0
3502149543.jpg,3
3504150572.jpg,3
3504669411.jpg,3
350684447.jpg,3
3506949016.jpg,3
3507045403.jpg,2
3507643613.jpg,3
3508700743.jpg,4
3509094717.jpg,4
3510423937.jpg,4
3510536964.jpg,3
3511671285.jpg,3
351175754.jpg,3
3512376578.jpg,3
3513035899.jpg,3
3513806994.jpg,3
3514373354.jpg,3
351468773.jpg,0
3515249327.jpg,4
3516352675.jpg,4
3516555909.jpg,3
3516603497.jpg,1
3517179673.jpg,3
3517828847.jpg,3
3519124623.jpg,3
3521313788.jpg,2
3521908689.jpg,4
3522070938.jpg,3
3523309825.jpg,4
352362036.jpg,3
3523670880.jpg,3
3523831557.jpg,4
3525134748.jpg,4
3525376871.jpg,4
3526706530.jpg,3
3526787181.jpg,3
3528796531.jpg,3
3529056691.jpg,3
353070250.jpg,3
3533090711.jpg,3
3533539817.jpg,3
3535078664.jpg,3
353529214.jpg,3
3536918233.jpg,3
3537549143.jpg,3
3538224667.jpg,3
3538242745.jpg,2
3538960735.jpg,4
3539102165.jpg,1
3539619673.jpg,2
3540255449.jpg,3
354223592.jpg,3
3542602589.jpg,4
3542768898.jpg,4
3546777867.jpg,3
3548679387.jpg,3
3548684702.jpg,3
354915584.jpg,3
3551156826.jpg,2
3551608318.jpg,3
3553238343.jpg,3
3554706720.jpg,3
3555144754.jpg,4
3555410429.jpg,4
3555472303.jpg,4
3555694863.jpg,3
3556012035.jpg,3
3556554979.jpg,0
3556578053.jpg,0
3557354369.jpg,3
3558352705.jpg,3
3558354971.jpg,3
3560526778.jpg,4
3561890099.jpg,3
356379628.jpg,3
3567018385.jpg,3
3567720440.jpg,4
3570493435.jpg,4
3570668460.jpg,3
3571158038.jpg,3
3571405769.jpg,3
3571912380.jpg,3
3572465399.jpg,3
3573249940.jpg,4
3573601815.jpg,4
3575313452.jpg,3
3575673908.jpg,2
3578509810.jpg,0
3579768234.jpg,3
3579904762.jpg,3
3579980941.jpg,3
3580451894.jpg,1
3581438236.jpg,3
3582059053.jpg,3
358323582.jpg,1
3587386761.jpg,1
3588105586.jpg,0
3590711392.jpg,4
3590920692.jpg,3
3591786089.jpg,3
3593387125.jpg,4
3594319135.jpg,4
3594393384.jpg,3
3594749275.jpg,3
359752915.jpg,2
3597631740.jpg,3
360024971.jpg,0
3601095535.jpg,3
3602570969.jpg,4
3602819316.jpg,3
360356909.jpg,3
3604608395.jpg,4
3605605369.jpg,3
3605939235.jpg,4
3606656144.jpg,3
3607739406.jpg,4
3608078575.jpg,4
3608563385.jpg,4
3609064277.jpg,3
3609231676.jpg,3
3609260930.jpg,3
3609442058.jpg,3
3609593420.jpg,3
3609925731.jpg,3
3610554342.jpg,4
3613817114.jpg,3
3615317579.jpg,4
3615848396.jpg,3
3616264908.jpg,3
3617701525.jpg,2
361789228.jpg,3
3621710176.jpg,3
3623375685.jpg,3
3625017880.jpg,3
3628771349.jpg,3
3629348411.jpg,3
3630665946.jpg,3
3632711020.jpg,3
3633380986.jpg,4
3633530356.jpg,3
3633769528.jpg,0
3634843546.jpg,3
3637527280.jpg,3
3637589170.jpg,3
3638899737.jpg,2
3641913937.jpg,3
3643755636.jpg,3
3644657668.jpg,4
3645203518.jpg,3
3651958252.jpg,3
3652447934.jpg,3
365488535.jpg,4
3656627426.jpg,4
3656998236.jpg,3
365712595.jpg,3
3658178204.jpg,4
3658421599.jpg,3
3659088750.jpg,3
3660965690.jpg,3
3661246371.jpg,3
3662840429.jpg,3
3663085773.jpg,1
3664108047.jpg,3
3665324057.jpg,0
3667619405.jpg,3
366838317.jpg,3
3668854435.jpg,4
3672037226.jpg,4
3672292589.jpg,3
3673046362.jpg,3
3673489781.jpg,1
3674280452.jpg,3
3675527864.jpg,3
3676581137.jpg,3
3677539514.jpg,3
3680669935.jpg,4
3682266975.jpg,3
3684580496.jpg,0
3684621874.jpg,4
3686283354.jpg,3
3688916094.jpg,3
3692384287.jpg,3
3692595571.jpg,3
3695423491.jpg,3
3698265838.jpg,4
3698640204.jpg,1
3700174408.jpg,0
3700452393.jpg,3
3700981956.jpg,3
3701326787.jpg,4
370212092.jpg,3
3702802130.jpg,3
3704692183.jpg,3
3705669883.jpg,3
3708133019.jpg,3
3708168447.jpg,4
3708475076.jpg,4
3708657911.jpg,4
3709241873.jpg,3
3709879391.jpg,4
370989494.jpg,1
3710070887.jpg,3
3712064465.jpg,3
3712630265.jpg,1
3714119135.jpg,4
371516838.jpg,4
3717600910.jpg,4
371833279.jpg,1
3719761839.jpg,0
372080564.jpg,3
3721479850.jpg,4
3721951548.jpg,3
3722009865.jpg,4
3722626623.jpg,2
3722748660.jpg,3
3722905230.jpg,3
3723972821.jpg,1
3724726021.jpg,3
3725890252.jpg,3
3727402157.jpg,3
3730157636.jpg,3
3731052059.jpg,3
3731330072.jpg,1
3731977760.jpg,4
3732078716.jpg,3
3733910631.jpg,4
3735914838.jpg,4
3735941988.jpg,1
3736482061.jpg,3
3737165022.jpg,3
3737714196.jpg,2
3737986834.jpg,4
3738618109.jpg,4
3739988988.jpg,1
3740492828.jpg,3
3740864417.jpg,3
3741168853.jpg,3
3742836449.jpg,4
3743195625.jpg,3
3743858641.jpg,4
3745339060.jpg,3
3746522482.jpg,3
3750531615.jpg,3
3750860803.jpg,3
3751355008.jpg,4
3751970579.jpg,4
375377758.jpg,3
3757070320.jpg,3
3757556896.jpg,3
3758359822.jpg,2
3758808026.jpg,3
3758912402.jpg,4
3761357668.jpg,3
3762022485.jpg,3
3763125512.jpg,3
3763388543.jpg,3
3764673411.jpg,3
3764883168.jpg,3
376495899.jpg,3
3765800503.jpg,4
3766633636.jpg,3
3766694497.jpg,3
3769308751.jpg,3
3770843515.jpg,3
3770952591.jpg,3
3772745803.jpg,1
3773282185.jpg,3
3775082960.jpg,3
3775296196.jpg,3
3775318400.jpg,3
3775701579.jpg,4
3776118784.jpg,2
3776477330.jpg,4
3778007109.jpg,3
3779645691.jpg,4
378108717.jpg,4
3782988720.jpg,3
3784738955.jpg,4
3786326071.jpg,1
3788644413.jpg,4
3789114183.jpg,3
3789409909.jpg,3
3789578006.jpg,3
3789699999.jpg,4
3789991498.jpg,3
379034521.jpg,3
3791069345.jpg,3
3791086743.jpg,4
3791164400.jpg,4
3791195339.jpg,3
3792533899.jpg,4
3794321240.jpg,3
3794607673.jpg,3
3795991953.jpg,4
379627215.jpg,2
3799164333.jpg,4
3800611947.jpg,3
3800669554.jpg,3
3801409970.jpg,3
3801426852.jpg,3
3802953509.jpg,4
3803355444.jpg,4
3803823261.jpg,3
3803904228.jpg,3
3808301064.jpg,4
3809113008.jpg,3
3809682538.jpg,1
381038531.jpg,3
3810425289.jpg,4
3810809174.jpg,3
381118833.jpg,3
3811423890.jpg,4
3812383679.jpg,3
3812991688.jpg,2
3815372815.jpg,4
3815754295.jpg,0
3816412484.jpg,3
3817704326.jpg,3
3818065051.jpg,3
3821145878.jpg,3
3821467365.jpg,4
3821611662.jpg,3
3821632962.jpg,1
3822317149.jpg,2
3822484793.jpg,3
382310397.jpg,4
3825350206.jpg,3
3826670209.jpg,3
382849332.jpg,2
3829295052.jpg,1
3829488807.jpg,1
3829905505.jpg,3
383010282.jpg,3
3831055532.jpg,3
3834284991.jpg,3
383656390.jpg,4
3837168774.jpg,4
3837689204.jpg,4
3838430377.jpg,3
383932080.jpg,4
3841961758.jpg,3
3842422480.jpg,4
3844650986.jpg,4
3844780526.jpg,3
3846071178.jpg,3
3847243478.jpg,3
3847725320.jpg,0
3848791367.jpg,1
385038415.jpg,3
3850909230.jpg,3
3851259457.jpg,3
3855265418.jpg,3
3856210949.jpg,3
3856769685.jpg,1
3856973359.jpg,2
3858318600.jpg,3
3858664861.jpg,1
3858873251.jpg,4
3859623860.jpg,4
3862024224.jpg,3
3862819448.jpg,3
3863389449.jpg,4
3863422277.jpg,3
3864050647.jpg,3
3864626212.jpg,2
3865450161.jpg,3
3865486183.jpg,0
3867968333.jpg,3
3868810256.jpg,1
3870125232.jpg,3
3870634420.jpg,1
3874646533.jpg,3
3876087345.jpg,3
387670192.jpg,3
387772759.jpg,3
3878214050.jpg,4
3878279808.jpg,3
3878767715.jpg,3
3878803293.jpg,4
3880085819.jpg,4
3880993061.jpg,3
3881028757.jpg,3
3882458242.jpg,3
3882641600.jpg,3
3882947343.jpg,2
3883619228.jpg,3
3885271451.jpg,4
3885318661.jpg,3
3885669977.jpg,3
3885779532.jpg,4
3885885091.jpg,4
3887778156.jpg,3
3888347347.jpg,3
3888715055.jpg,4
3890031422.jpg,4
3891613214.jpg,3
389430257.jpg,0
3895832332.jpg,3
3896618890.jpg,3
389664208.jpg,4
3898690121.jpg,3
3899742169.jpg,3
3899864184.jpg,3
3900389809.jpg,4
3904531265.jpg,3
390601409.jpg,3
3907605648.jpg,3
3910075821.jpg,4
3910372860.jpg,3
3911320741.jpg,3
391259058.jpg,4
3912842940.jpg,4
3913684904.jpg,3
3913823345.jpg,3
3915312259.jpg,3
3916856956.jpg,4
3916952376.jpg,3
3917412702.jpg,4
3917462304.jpg,3
3918869320.jpg,3
3919261355.jpg,4
3919714704.jpg,3
3920433539.jpg,2
3921731195.jpg,1
3923903983.jpg,3
3924061539.jpg,3
3924598099.jpg,2
3924935731.jpg,3
3925504132.jpg,4
3933215613.jpg,1
3933486444.jpg,3
3933504809.jpg,4
3934102198.jpg,2
3934403227.jpg,3
393454171.jpg,3
3936119100.jpg,3
3936947033.jpg,3
393700734.jpg,3
3938319761.jpg,4
3938379090.jpg,3
3939103661.jpg,3
3939484904.jpg,0
3941065360.jpg,4
3943363815.jpg,3
3943400574.jpg,3
3944566717.jpg,4
3944665057.jpg,4
3945022752.jpg,1
3945302689.jpg,3
3946409758.jpg,4
394700634.jpg,3
3948282099.jpg,2
3948333262.jpg,3
3948578342.jpg,4
3949530220.jpg,4
3949735560.jpg,3
3949979223.jpg,3
3950138340.jpg,1
3951033852.jpg,3
3951364046.jpg,4
3951445657.jpg,3
3951490557.jpg,4
395181448.jpg,3
3951881914.jpg,4
3952278648.jpg,3
3953327881.jpg,3
3953530273.jpg,2
3953560426.jpg,4
3956077728.jpg,4
3957819631.jpg,4
395852128.jpg,4
3958714206.jpg,3
396042395.jpg,4
3960669389.jpg,3
3962294427.jpg,3
3962684748.jpg,4
3963041758.jpg,3
3964080612.jpg,1
3964316261.jpg,3
3964970132.jpg,3
3966311153.jpg,3
3966397461.jpg,1
3968048683.jpg,1
3968955392.jpg,3
3969288877.jpg,4
3969928849.jpg,3
397081522.jpg,4
3971043257.jpg,3
3971240417.jpg,3
3971676147.jpg,1
3972035105.jpg,3
3973350310.jpg,1
3973759314.jpg,3
3973846840.jpg,3
3978175497.jpg,3
3980236832.jpg,4
3982972908.jpg,3
3983622976.jpg,3
3984046455.jpg,3
3986797492.jpg,3
3986821371.jpg,4
3986994681.jpg,3
3987329576.jpg,0
3988908835.jpg,3
3991703391.jpg,3
3992628804.jpg,3
3993617081.jpg,3
3994489797.jpg,3
3994849052.jpg,4
3995539083.jpg,3
3995611090.jpg,3
3995991109.jpg,3
3996218398.jpg,3
3997582442.jpg,3
3998293147.jpg,3
3998876448.jpg,3
4001352115.jpg,3
4001662386.jpg,4
4004256594.jpg,0
4006579451.jpg,3
4006771974.jpg,3
4008326221.jpg,3
4008495271.jpg,4
4009427061.jpg,3
4010091989.jpg,3
4012991652.jpg,4
4013834415.jpg,3
4013991367.jpg,3
4014913503.jpg,3
4015277516.jpg,3
4017647533.jpg,4
4017689394.jpg,1
401825012.jpg,3
4018898833.jpg,4
4020138210.jpg,4
4024436293.jpg,2
4029905096.jpg,4
4030356791.jpg,0
4030982383.jpg,3
4031374252.jpg,3
4031880127.jpg,3
4032292698.jpg,3
4033546541.jpg,3
4034495674.jpg,4
403476410.jpg,3
4036777489.jpg,3
4038568741.jpg,3
403910552.jpg,1
403963359.jpg,3
4040452479.jpg,3
4040861068.jpg,3
4042037111.jpg,3
4042964772.jpg,3
4043153792.jpg,0
4044329664.jpg,3
4044444164.jpg,3
4044829046.jpg,0
4047998740.jpg,3
404837485.jpg,4
4049843068.jpg,3
4050718274.jpg,3
4050750401.jpg,3
4051367500.jpg,3
4052176327.jpg,3
4052298208.jpg,3
405406521.jpg,3
4054632356.jpg,3
4056070889.jpg,3
4056643222.jpg,3
4056868775.jpg,3
4057315544.jpg,4
4057831785.jpg,3
405787230.jpg,3
4060265637.jpg,3
4060304349.jpg,3
4060450564.jpg,3
4060707407.jpg,4
4060977828.jpg,4
4062190855.jpg,3
4062287710.jpg,3
4062558073.jpg,3
4062679165.jpg,3
4064395542.jpg,3
4064456640.jpg,4
4064710747.jpg,4
4065661474.jpg,1
4067939346.jpg,4
4068398781.jpg,4
406899084.jpg,3
4070109402.jpg,3
4071612105.jpg,3
4071618930.jpg,3
4071806046.jpg,3
4071831340.jpg,3
4072033035.jpg,3
4072800453.jpg,3
4073445610.jpg,3
4073637668.jpg,3
4073688156.jpg,4
4075237855.jpg,4
4075854821.jpg,2
407801447.jpg,3
4078601864.jpg,3
4080639262.jpg,4
4085837229.jpg,3
4088071692.jpg,1
4088233611.jpg,3
4089587580.jpg,3
4089645917.jpg,4
4089766352.jpg,4
4092163942.jpg,4
409474529.jpg,2
4098341362.jpg,0
4099957665.jpg,3
4100265698.jpg,3
4101194273.jpg,4
4102169055.jpg,3
4103177818.jpg,3
4107144871.jpg,3
4107677180.jpg,3
410880003.jpg,3
410890316.jpg,3
4109287296.jpg,3
4109950736.jpg,4
4112011876.jpg,4
4116136963.jpg,3
4117169270.jpg,2
4117539669.jpg,4
4118708857.jpg,3
4118954331.jpg,3
4119076771.jpg,3
411955232.jpg,3
4120735558.jpg,1
4120741228.jpg,1
4121034467.jpg,0
4121252698.jpg,2
4122883459.jpg,3
4123594620.jpg,3
412390858.jpg,3
4124205703.jpg,4
4125025056.jpg,3
4125173435.jpg,3
4126019985.jpg,1
4126694609.jpg,1
4127363037.jpg,1
4128588977.jpg,3
4130177618.jpg,4
4131123441.jpg,0
4131457294.jpg,3
4132347499.jpg,3
4132540951.jpg,3
41327518.jpg,3
4133546667.jpg,4
4133624649.jpg,3
4133641764.jpg,3
4133934896.jpg,3
4134617519.jpg,1
4137790344.jpg,3
4141439714.jpg,3
4141594059.jpg,1
414171398.jpg,3
414229694.jpg,4
4142500062.jpg,4
4143264926.jpg,0
414363375.jpg,3
4143889304.jpg,3
4144134428.jpg,4
4144868742.jpg,3
414587008.jpg,2
4146091086.jpg,3
4146139706.jpg,4
4146786218.jpg,3
4147019519.jpg,4
4147446952.jpg,3
4147986236.jpg,4
4149719008.jpg,3
415073532.jpg,3
4151340541.jpg,3
4154577723.jpg,3
4155077237.jpg,3
4156232104.jpg,3
4156293959.jpg,1
4156754691.jpg,3
4157431857.jpg,3
4159550001.jpg,3
4162062319.jpg,3
4166762.jpg,4
4167938990.jpg,0
4168229813.jpg,0
4169005982.jpg,1
4169071977.jpg,3
4169577123.jpg,4
4169857735.jpg,2
4170279280.jpg,4
4171429454.jpg,3
4172444687.jpg,3
4173585663.jpg,3
4173729579.jpg,3
4174350664.jpg,4
4175374809.jpg,3
4175723076.jpg,3
4176553783.jpg,3
4177483982.jpg,3
4177519290.jpg,1
4179442683.jpg,4
4179630738.jpg,0
4182634633.jpg,4
4182646483.jpg,3
4182889279.jpg,3
4183077936.jpg,1
4183084622.jpg,3
418334255.jpg,0
4184902338.jpg,0
4188255023.jpg,2
4189636250.jpg,3
4190467935.jpg,3
4191979346.jpg,3
4192792225.jpg,1
4193821272.jpg,3
4194767619.jpg,3
4195244088.jpg,3
4196856438.jpg,3
4196928486.jpg,4
4196953609.jpg,3
4199323027.jpg,3
419974195.jpg,3
4200969502.jpg,3
4201017527.jpg,4
4201154907.jpg,4
4201636225.jpg,3
4201637914.jpg,4
4202339262.jpg,2
4203886176.jpg,3
4205544766.jpg,2
4207293267.jpg,2
4208508755.jpg,3
4208734427.jpg,3
4209668687.jpg,3
4209715863.jpg,3
420979598.jpg,4
4210616939.jpg,3
4210844423.jpg,3
4210957612.jpg,3
4211960085.jpg,4
4212247949.jpg,3
4213312070.jpg,3
4213617078.jpg,3
4213863678.jpg,3
4214231918.jpg,3
4214804223.jpg,2
4215244581.jpg,0
4215590346.jpg,3
4218379987.jpg,3
4219325672.jpg,3
4219389723.jpg,3
4219528096.jpg,3
4221848010.jpg,3
4222869193.jpg,4
4223217189.jpg,4
4223598705.jpg,2
4223665750.jpg,1
4224255718.jpg,3
4224616597.jpg,3
4225506393.jpg,3
4226051437.jpg,3
4227756572.jpg,3
4228743901.jpg,3
4232966905.jpg,3
4233882902.jpg,3
4237476054.jpg,4
423907510.jpg,4
4241010942.jpg,3
424691365.jpg,3
4247295410.jpg,4
4247400003.jpg,3
4247839780.jpg,1
4248003612.jpg,3
4248343921.jpg,3
4248770671.jpg,4
424999624.jpg,0
4250623520.jpg,2
4250668297.jpg,3
4250885951.jpg,3
4252015282.jpg,3
4253520478.jpg,3
4253753819.jpg,4
4253799258.jpg,3
4254813390.jpg,3
4256202412.jpg,4
4256620425.jpg,1
425678500.jpg,1
4256882986.jpg,3
4256968855.jpg,3
4257203192.jpg,4
4257897572.jpg,3
42586742.jpg,4
4260532551.jpg,4
4262071206.jpg,3
4265793200.jpg,4
4265846658.jpg,3
4265873256.jpg,1
4267160725.jpg,3
4268211199.jpg,3
4269828095.jpg,4
4269977129.jpg,3
4272738876.jpg,4
4272950907.jpg,4
4274564396.jpg,3
4275116781.jpg,0
4275284230.jpg,3
427529521.jpg,3
4275773216.jpg,3
4277729347.jpg,4
4278349650.jpg,3
4278469660.jpg,3
4279471194.jpg,4
4280523848.jpg,3
4280760906.jpg,3
4281504647.jpg,3
4282408832.jpg,2
4282442229.jpg,4
4282727554.jpg,4
4282908664.jpg,3
4283270414.jpg,2
4284426558.jpg,3
4285226176.jpg,3
4286174060.jpg,3
428725949.jpg,0
4287369745.jpg,3
4288554103.jpg,4
4290786696.jpg,3
4291622548.jpg,4
4292224219.jpg,2
429230321.jpg,3
4293860103.jpg,3
4294756187.jpg,2
42968835.jpg,4
429832892.jpg,4
431851340.jpg,4
433569439.jpg,3
434025087.jpg,3
435476831.jpg,3
4359365.jpg,4
4365857.jpg,1
436868168.jpg,1
43727066.jpg,3
438095815.jpg,3
439915243.jpg,4
441579945.jpg,3
442164564.jpg,3
442207015.jpg,3
442454672.jpg,4
443817384.jpg,0
445879019.jpg,3
446986430.jpg,3
447702060.jpg,2
447826793.jpg,3
450239051.jpg,4
450609144.jpg,3
451285147.jpg,1
451482977.jpg,3
451922996.jpg,4
452351258.jpg,0
452781312.jpg,2
454637792.jpg,3
454710225.jpg,2
454771505.jpg,3
455188005.jpg,3
456001532.jpg,4
457931044.jpg,3
457946090.jpg,3
458078692.jpg,4
459566103.jpg,4
461442834.jpg,4
462402577.jpg,4
463306990.jpg,2
464299112.jpg,2
465786805.jpg,4
469651575.jpg,4
46965268.jpg,3
469774939.jpg,3
470010237.jpg,0
471759171.jpg,3
472839300.jpg,4
473238027.jpg,3
475006659.jpg,3
475097203.jpg,3
477466097.jpg,4
477484606.jpg,3
477523981.jpg,3
479609263.jpg,4
480985864.jpg,4
481101110.jpg,2
483417793.jpg,4
484625436.jpg,2
484710612.jpg,0
485496455.jpg,0
486827297.jpg,3
488450580.jpg,3
489343827.jpg,3
489369440.jpg,3
491341032.jpg,4
491402925.jpg,4
492140725.jpg,3
495190803.jpg,2
495769274.jpg,3
496949674.jpg,3
497021480.jpg,4
497447638.jpg,3
497483114.jpg,4
497685909.jpg,3
498277992.jpg,4
500165253.jpg,1
501394346.jpg,3
50223703.jpg,3
502320523.jpg,3
503037836.jpg,3
504065374.jpg,4
504689064.jpg,2
506774842.jpg,1
508250510.jpg,3
5088626.jpg,4
510749381.jpg,3
51075448.jpg,4
511322441.jpg,0
511472935.jpg,4
512811593.jpg,3
513780423.jpg,4
513916180.jpg,3
514376645.jpg,3
514840131.jpg,1
51748275.jpg,3
518232429.jpg,3
519373224.jpg,3
520310239.jpg,3
520827506.jpg,4
522043720.jpg,4
522535695.jpg,4
523201478.jpg,2
525960141.jpg,2
527207274.jpg,4
527304483.jpg,3
528632958.jpg,0
52883488.jpg,4
529324614.jpg,3
530166145.jpg,3
532255691.jpg,3
534358787.jpg,3
534784883.jpg,3
535534657.jpg,3
535537385.jpg,3
537247997.jpg,3
53835845.jpg,3
539156114.jpg,3
539212497.jpg,3
539706836.jpg,3
541581535.jpg,4
541997227.jpg,4
542215511.jpg,3
542786109.jpg,4
543908014.jpg,1
544785304.jpg,4
544841387.jpg,3
545763549.jpg,3
546383916.jpg,3
546912616.jpg,3
546947132.jpg,3
549529055.jpg,1
549591801.jpg,3
550429661.jpg,3
550691642.jpg,4
551051657.jpg,4
551875095.jpg,1
554618944.jpg,4
556223341.jpg,3
556542792.jpg,4
556665949.jpg,3
557056564.jpg,3
559509734.jpg,3
559984441.jpg,4
564643932.jpg,1
565347582.jpg,3
566279368.jpg,3
5664536.jpg,3
566571284.jpg,3
5666225.jpg,3
567779495.jpg,4
567892299.jpg,3
569842713.jpg,4
57023383.jpg,3
570348622.jpg,2
570889595.jpg,3
571189248.jpg,3
571328280.jpg,3
572003019.jpg,0
572073587.jpg,2
573879422.jpg,3
575135832.jpg,1
577741069.jpg,3
57861623.jpg,3
578646228.jpg,4
580293785.jpg,3
580516102.jpg,4
580550239.jpg,3
580859644.jpg,3
581030887.jpg,3
581164870.jpg,3
581749808.jpg,3
582948478.jpg,3
585209164.jpg,3
585813976.jpg,3
586116935.jpg,3
586367885.jpg,1
58667011.jpg,4
587410113.jpg,4
588425651.jpg,1
589734688.jpg,3
591335475.jpg,4
591372512.jpg,3
592236552.jpg,3
592251506.jpg,4
593922825.jpg,4
596124693.jpg,3
59686251.jpg,3
596964772.jpg,4
598088658.jpg,3
600610735.jpg,3
600691544.jpg,3
600869262.jpg,3
601096842.jpg,3
604476990.jpg,4
607207422.jpg,1
608792631.jpg,3
610968546.jpg,4
611122414.jpg,3
611582421.jpg,4
611767283.jpg,3
61216809.jpg,4
612680278.jpg,4
61297107.jpg,3
61357519.jpg,3
614554751.jpg,3
615415014.jpg,4
616718743.jpg,3
616740640.jpg,4
616745238.jpg,3
617763677.jpg,3
618257527.jpg,3
618525974.jpg,3
618654809.jpg,3
618816554.jpg,1
61901680.jpg,3
620158263.jpg,3
62069424.jpg,1
622130666.jpg,3
625159901.jpg,1
627068686.jpg,2
628791743.jpg,4
629958689.jpg,4
630797550.jpg,3
630798966.jpg,3
631049662.jpg,3
631309846.jpg,3
63159897.jpg,4
631967336.jpg,1
632417341.jpg,3
632445353.jpg,3
633010478.jpg,3
634365236.jpg,3
634618230.jpg,4
635576141.jpg,4
636890802.jpg,3
639060341.jpg,4
640668148.jpg,3
641947553.jpg,3
642333740.jpg,3
643044892.jpg,0
643163594.jpg,4
643541195.jpg,3
643613398.jpg,0
644131683.jpg,4
645139700.jpg,4
645203852.jpg,4
645764425.jpg,3
646999993.jpg,3
647301407.jpg,3
6477704.jpg,4
648535358.jpg,3
648616108.jpg,4
650816529.jpg,3
65139094.jpg,3
65235972.jpg,2
65328715.jpg,3
656522898.jpg,4
657031133.jpg,3
657278738.jpg,3
657403248.jpg,3
657542940.jpg,3
657935270.jpg,3
658961090.jpg,1
659495074.jpg,3
661256835.jpg,3
66126211.jpg,3
664265007.jpg,3
66458318.jpg,3
664583876.jpg,4
666057688.jpg,3
667064229.jpg,3
670049521.jpg,3
670519295.jpg,4
670541081.jpg,2
674703368.jpg,4
674806764.jpg,3
675264849.jpg,3
675325967.jpg,4
677816697.jpg,4
678699468.jpg,3
678779380.jpg,3
680596021.jpg,3
680910518.jpg,3
68141141.jpg,4
682215276.jpg,1
682973253.jpg,3
683096346.jpg,2
684887397.jpg,4
685199622.jpg,3
685497354.jpg,0
685533220.jpg,1
686071324.jpg,4
687245677.jpg,4
688011612.jpg,3
688733567.jpg,3
689108493.jpg,3
690125781.jpg,3
690399930.jpg,4
690564008.jpg,3
690565188.jpg,4
691285209.jpg,1
692019924.jpg,0
692022283.jpg,4
695000133.jpg,3
696062925.jpg,4
696538469.jpg,4
696638670.jpg,3
698646619.jpg,3
69869891.jpg,3
700919274.jpg,0
701052546.jpg,3
701698487.jpg,3
703084766.jpg,3
704115558.jpg,2
70412561.jpg,3
70462322.jpg,3
704856896.jpg,4
705481569.jpg,3
705789219.jpg,2
706776365.jpg,1
706808191.jpg,3
707908216.jpg,3
708185327.jpg,3
710255784.jpg,3
711417337.jpg,3
711824069.jpg,3
712382120.jpg,3
712421823.jpg,3
713250541.jpg,3
7145099.jpg,3
715889320.jpg,4
716011398.jpg,3
716052378.jpg,4
716467114.jpg,3
716814677.jpg,4
717332289.jpg,1
717753643.jpg,1
717911960.jpg,2
718245684.jpg,3
718324300.jpg,3
719731461.jpg,3
720076710.jpg,1
72014881.jpg,0
720776367.jpg,3
721245068.jpg,4
721483208.jpg,3
722155866.jpg,3
722419138.jpg,4
72299830.jpg,3
724059503.jpg,3
724406669.jpg,2
725865491.jpg,3
72640810.jpg,3
72715709.jpg,3
731031258.jpg,0
731084892.jpg,3
732124818.jpg,1
732377500.jpg,3
732531942.jpg,4
733045784.jpg,4
733445038.jpg,3
733770850.jpg,3
734701008.jpg,3
736834551.jpg,3
736896439.jpg,3
738338306.jpg,3
738435591.jpg,1
739227863.jpg,4
740035863.jpg,3
741807266.jpg,2
743850893.jpg,2
743945725.jpg,4
744419664.jpg,3
745112623.jpg,4
745792080.jpg,1
747082270.jpg,3
748154559.jpg,3
749210924.jpg,3
750488061.jpg,2
750828465.jpg,1
751463025.jpg,4
75207996.jpg,3
753116208.jpg,3
755497707.jpg,4
755941592.jpg,4
756195820.jpg,4
756826989.jpg,4
756993867.jpg,3
758155419.jpg,3
758980708.jpg,3
759559409.jpg,3
760333191.jpg,3
761651651.jpg,4
763303438.jpg,3
76889034.jpg,0
769621297.jpg,3
771092021.jpg,3
771269957.jpg,3
771588286.jpg,3
772317210.jpg,3
772651285.jpg,1
77416532.jpg,3
775831061.jpg,4
778751547.jpg,3
77981157.jpg,3
779832601.jpg,3
779905140.jpg,3
781215669.jpg,2
781539722.jpg,3
781807650.jpg,3
783577117.jpg,4
783771621.jpg,4
785146800.jpg,3
785755916.jpg,3
786134670.jpg,1
786525788.jpg,4
787052620.jpg,3
790193480.jpg,3
790473247.jpg,4
791404140.jpg,3
791971573.jpg,3
792105357.jpg,2
792369876.jpg,3
793174767.jpg,4
793578252.jpg,3
796761175.jpg,3
796933103.jpg,4
797580411.jpg,3
798023657.jpg,3
79867712.jpg,4
799030211.jpg,2
799279391.jpg,3
801551318.jpg,3
801908113.jpg,3
803019874.jpg,3
803734282.jpg,3
803873425.jpg,3
804520437.jpg,3
804653240.jpg,3
80488129.jpg,3
805152902.jpg,3
806456552.jpg,3
806670613.jpg,4
809330872.jpg,1
80998969.jpg,0
810511060.jpg,3
811026048.jpg,4
81164598.jpg,3
811696349.jpg,3
812377482.jpg,3
812733394.jpg,3
813110259.jpg,4
813361567.jpg,3
813435800.jpg,3
814045052.jpg,3
814122857.jpg,3
815702740.jpg,3
815758241.jpg,4
816704735.jpg,4
822120250.jpg,2
822641071.jpg,4
823280173.jpg,3
823298994.jpg,1
824321777.jpg,4
824489541.jpg,3
825527127.jpg,2
825551560.jpg,3
826306862.jpg,4
826682979.jpg,3
827738585.jpg,2
828472143.jpg,3
82853961.jpg,3
829018445.jpg,4
829062180.jpg,3
830231464.jpg,0
830740908.jpg,4
833082515.jpg,3
83335504.jpg,3
83337985.jpg,3
834011850.jpg,3
834333640.jpg,3
834357600.jpg,3
834601546.jpg,0
838106879.jpg,4
83815023.jpg,3
840541858.jpg,3
841447930.jpg,3
844410022.jpg,3
84598209.jpg,4
846123439.jpg,4
846734911.jpg,3
84689733.jpg,4
847187108.jpg,2
847847826.jpg,4
848032997.jpg,3
848164169.jpg,4
848445335.jpg,4
848551484.jpg,3
848914861.jpg,3
849133698.jpg,4
850135313.jpg,3
852177343.jpg,4
85222011.jpg,4
852424690.jpg,4
854102052.jpg,3
854309880.jpg,3
855496041.jpg,4
857728426.jpg,4
860380969.jpg,3
860744310.jpg,0
860785504.jpg,3
863550761.jpg,3
863785025.jpg,2
865580599.jpg,2
866605488.jpg,4
871966628.jpg,3
872798260.jpg,4
872856215.jpg,4
87302244.jpg,3
87470037.jpg,4
874716908.jpg,3
875360512.jpg,3
875889242.jpg,4
876450779.jpg,0
87653700.jpg,0
878020784.jpg,3
878188830.jpg,3
879360102.jpg,2
880178968.jpg,4
881299929.jpg,3
881721336.jpg,3
881727330.jpg,3
883103193.jpg,4
883338295.jpg,3
88427493.jpg,3
884360889.jpg,4
884672332.jpg,4
885474029.jpg,2
886212263.jpg,4
888139689.jpg,3
888266861.jpg,3
889052134.jpg,3
889797204.jpg,4
890494248.jpg,4
891874541.jpg,1
893103956.jpg,3
894506110.jpg,3
895356426.jpg,3
89587006.jpg,3
896047900.jpg,3
896277237.jpg,3
897533656.jpg,1
897745173.jpg,0
897925605.jpg,3
897929380.jpg,3
899172508.jpg,3
900061372.jpg,3
90091578.jpg,4
901196930.jpg,4
902007589.jpg,4
903309442.jpg,3
905336234.jpg,4
905776324.jpg,3
90606533.jpg,0
907691648.jpg,3
90800414.jpg,3
913152954.jpg,1
913261951.jpg,3
913589859.jpg,3
913877640.jpg,3
91429187.jpg,0
915719493.jpg,4
915934159.jpg,1
917042560.jpg,4
921975951.jpg,3
922100024.jpg,3
922756535.jpg,3
923034542.jpg,4
92340091.jpg,4
923718.jpg,0
925327697.jpg,3
925427672.jpg,4
9255514.jpg,3
929286178.jpg,4
931943521.jpg,4
932915192.jpg,3
935723534.jpg,1
936011517.jpg,3
936942979.jpg,1
938595992.jpg,3
938742634.jpg,4
939773003.jpg,1
939861475.jpg,3
941078633.jpg,3
942738737.jpg,3
943360126.jpg,3
943699790.jpg,1
944255811.jpg,1
94506249.jpg,3
945272909.jpg,3
94536090.jpg,3
947554618.jpg,3
949046024.jpg,4
949971770.jpg,4
950886267.jpg,2
951048679.jpg,2
952303505.jpg,4
952391818.jpg,3
953844785.jpg,3
954749288.jpg,3
954778743.jpg,3
95553397.jpg,4
956343434.jpg,3
958289716.jpg,3
958465343.jpg,3
960648391.jpg,3
961914208.jpg,3
963168720.jpg,3
965026603.jpg,4
967883712.jpg,3
968472833.jpg,3
968790449.jpg,4
968853775.jpg,4
969069572.jpg,3
969211018.jpg,3
969749670.jpg,3
970669415.jpg,3
972419188.jpg,3
972622677.jpg,3
972873188.jpg,3
97287651.jpg,3
974073314.jpg,4
975110881.jpg,3
975311959.jpg,4
976558597.jpg,1
977709534.jpg,1
978111352.jpg,3
978618490.jpg,3
979574790.jpg,3
980401006.jpg,3
981211210.jpg,4
982343142.jpg,3
983014273.jpg,3
984417293.jpg,4
986134312.jpg,4
986854149.jpg,2
986965803.jpg,3
986999751.jpg,2
987080644.jpg,3
987098553.jpg,3
989239917.jpg,3
990558315.jpg,3
990890343.jpg,3
99202708.jpg,3
992163916.jpg,4
993984792.jpg,4
994445094.jpg,3
995155483.jpg,3
996539252.jpg,3
996762577.jpg,4
996927503.jpg,4
996957803.jpg,3
997161074.jpg,0
997910101.jpg,3
999474432.jpg,3
999998473.jpg,3
